timestamp,coin,action,side,quantity,price,profit_target,stop_loss,leverage,confidence,pnl,balance_after,reason,confluence_tags,trigger_tags,reasoning_categories
2022-01-04T00:00:00+00:00,GOLD,ENTRY,long,0.28901734104046317,1814.6,1850.0,1780.0,5.0,0.8,0,894.9656026011558,Active-Guardian: Market is in Green Zone. Bullish MACD crossover and EMA alignment detected. Entry with tight protection. | TYPE A Phase 1 | Fees: $0.14,EMA_crossover;MACD_bullish,indicator_crossover,trend_following
2022-01-06T00:00:00+00:00,GOLD,CLOSE,long,0.28901734104046317,1789.2,0,0,5.0,0,-7.627469653179171,992.2283063583815,"Active-Guardian: Current price 1789.2 is below entry price 1814.6. Unrealized PnL is -7.34. Closing the position to limit further losses. | TYPE A Phase 1 | Closed 0.2890, Remaining 0.0000 | Gross: $-7.34 | Fees: $0.29",,,risk_management
2022-01-11T00:00:00+00:00,GOLD,ENTRY,long,0.3480701754385965,1818.5,1850.0,1790.0,5.0,0.82,0,865.4611180075043,Active-Guardian: Market is in Green Zone. 1% risk enforced. Bullish MACD crossover and EMA alignment detected. Decisive entry with tight protection. | TYPE A Phase 1 | Fees: $0.17,MACD_crossover;EMA_alignment;RSI_bullish,indicator_crossover;trend_following,trend_following;mean_reversion
2022-01-14T00:00:00+00:00,GOLD,CLOSE,long,0.3480701754385965,1816.5,0,0,5.0,0,-1.0440800000000001,991.0101608145219,"Active-Guardian: Current price 1816.5 is below entry price 1818.5. Unrealized PnL is -0.70. Closing the position to limit further losses. | TYPE A Phase 1 | Closed 0.3481, Remaining 0.0000 | Gross: $-0.70 | Fees: $0.35",,,risk_management
2022-01-20T00:00:00+00:00,GOLD,ENTRY,long,0.4384955752212407,1842.6,1865.0,1820.0,5.0,0.82,0,829.1935791485921,Active-Guardian: Market is in Green Zone. 1% risk enforced. EMA20/50 alignment and MACD crossover detected. Decisive entry with tight protection. | TYPE A Phase 1 | Fees: $0.22,EMA_alignment;MACD_crossover;Trend_Strength,indicator_crossover;trend_following,trend_following;mean_reversion
2022-01-21T00:00:00+00:00,GOLD,CLOSE,long,0.4384955752212407,1831.8,0,0,5.0,0,-5.178834451327434,985.6091340777963,"Active-Guardian: Closing current long position due to unrealized loss and recent losing streak. Current price 1831.8 is below entry price 1842.6. | TYPE A Phase 1 | Closed 0.4385, Remaining 0.0000 | Gross: $-4.74 | Fees: $0.44",,,risk_management;loss_limitation
2022-01-26T00:00:00+00:00,GOLD,ENTRY,long,0.5003096446700496,1829.7,1855.0,1810.0,5.0,0.82,0,802.2740831541038,Active-Guardian: Market is in Green Zone. 1% risk enforced. Bullish MACD crossover and RSI=54.93 detected. Decisive entry with tight protection. | TYPE A Phase 1 | Fees: $0.25,MACD_crossover;RSI_bullish,indicator_crossover,trend_following
2022-01-27T00:00:00+00:00,GOLD,CLOSE,long,0.5003096446700496,1810.0,0,0,5.0,0,-10.356868678769034,975.0005258458928,"Stop loss hit | TYPE A Phase 1 | Closed 0.5003, Remaining 0.0000 | Gross: $-9.86 | Fees: $0.50",,,
2022-02-16T00:00:00+00:00,GOLD,ENTRY,long,0.319672131147541,1870.5,1900.0,1840.0,5.0,0.82,0,855.246746235237,Active-Guardian: Market is in Green Zone. 1% risk enforced. Bullish MACD crossover and RSI above 50 detected. Decisive entry with tight protection. | TYPE A Phase 1 | Fees: $0.16,MACD_crossover;RSI_above_50;EMA_alignment,indicator_crossover;trend_continuation,trend_following;momentum
2022-02-17T00:00:00+00:00,GOLD,CLOSE,long,0.319672131147541,1900.0,0,0,5.0,0,9.098863831967215,983.9349543294993,"Take profit hit | TYPE A Phase 1 | Closed 0.3197, Remaining 0.0000 | Gross: $9.43 | Fees: $0.33",,,
2022-02-17T00:00:00+00:00,GOLD,ENTRY,long,0.19294117647058823,1901.0,1950.0,1850.0,5.0,0.82,0,910.4778542118522,Active-Guardian: Market is in Green Zone. 1% risk enforced. Bullish MACD crossover and RSI above 70 detected. Decisive entry with tight protection. | TYPE A Phase 1 | Fees: $0.10,MACD_crossover;RSI_above_70;EMA_alignment,indicator_crossover;trend_strength,trend_following;momentum
2022-02-24T00:00:00+00:00,GOLD,CLOSE,long,0.19294117647058823,1950.0,0,0,5.0,0,9.249788117647057,993.0838776236169,"Take profit hit | TYPE A Phase 1 | Closed 0.1929, Remaining 0.0000 | Gross: $9.45 | Fees: $0.20",,,
2022-02-24T00:00:00+00:00,GOLD,ENTRY,long,0.2805084745762705,1925.4,1975.0,1890.0,5.0,0.82,0,884.9171492041256,Active-Guardian: Market is in Green Zone. 1% risk enforced. EMA20/50 alignment and RSI above 50 detected. Decisive entry with tight protection. | TYPE A Phase 1 | Fees: $0.15,EMA_alignment;RSI_above_50,indicator_crossover,trend_following
2022-02-28T00:00:00+00:00,GOLD,CLOSE,long,0.2805084745762705,1900.7,0,0,5.0,0,-7.223704027542367,985.7116485664135,"Active-Guardian: Current price 1900.7 is below entry price 1925.4. Unrealized PnL is -6.93. Closing the position to limit further losses. | TYPE A Phase 1 | Closed 0.2805, Remaining 0.0000 | Gross: $-6.93 | Fees: $0.30",,stop_loss,risk_management
2022-03-02T00:00:00+00:00,GOLD,ENTRY,long,0.30526315789473724,1922.3,1975.0,1890.0,5.0,0.82,0,868.188802855887,Active-Guardian: Market is in Green Zone. 1% risk enforced. Bullish MACD crossover and RSI above 50 detected. Decisive entry with tight protection. | TYPE A Phase 1 | Fees: $0.16,MACD_crossover;RSI_above_50;EMA_alignment,indicator_crossover;trend_strength,trend_following;mean_reversion
2022-03-07T00:00:00+00:00,GOLD,CLOSE,long,0.30526315789473724,1975.0,0,0,5.0,0,15.760200342105298,1001.310476882203,"Take profit hit | TYPE A Phase 1 | Closed 0.3053, Remaining 0.0000 | Gross: $16.09 | Fees: $0.33",,,
2022-03-07T00:00:00+00:00,GOLD,ENTRY,long,0.47846889952152905,1995.9,2025.0,1975.0,5.0,0.8,0,810.0526431501464,Active-Guardian: Market is in Green Zone. 1% risk enforced. Bullish MACD crossover and RSI above 50 detected. Decisive entry with tight protection. | TYPE A Phase 1 | Fees: $0.26,MACD_crossover;RSI_above_50;EMA_alignment,indicator_crossover;trend_strength,trend_following;mean_reversion
2022-03-08T00:00:00+00:00,GOLD,CLOSE,long,0.47846889952152905,2025.0,0,0,5.0,0,13.39437918660277,1014.4422376477531,"Take profit hit | TYPE A Phase 1 | Closed 0.4785, Remaining 0.0000 | Gross: $13.92 | Fees: $0.53",,,
2022-03-08T00:00:00+00:00,GOLD,ENTRY,long,0.21396919181261928,2043.3,2123.31,1995.91,5.0,0.82,0,926.8813568279597,Active-Guardian: Market is in Green Zone. 1% risk enforced. EMA20/50 rejection and RSI crossing 50 detected. Decisive entry with tight protection. | TYPE A Phase 1 | Fees: $0.12,EMA_rejection;RSI_crossing_50,indicator_crossover;support_bounce,trend_following;mean_reversion
2022-03-09T00:00:00+00:00,GOLD,CLOSE,long,0.21396919181261928,1995.91,0,0,5.0,0,-10.377673287296899,1003.9443334668078,"Stop loss hit | TYPE A Phase 1 | Closed 0.2140, Remaining 0.0000 | Gross: $-10.14 | Fees: $0.24",,,
2022-03-09T00:00:00+00:00,GOLD,ENTRY,long,0.26178010471204155,1988.2,2020.0,1950.0,5.0,0.82,0,899.7069630479598,Active-Guardian: Market is in Green Zone. 1% risk enforced. Bullish MACD crossover and RSI above 50 detected. Decisive entry with tight protection. | TYPE A Phase 1 | Fees: $0.14,MACD_crossover;RSI_above_50;EMA_alignment,indicator_crossover;trend_strength,trend_following;mean_reversion
2022-03-14T00:00:00+00:00,GOLD,CLOSE,long,0.26178010471204155,1960.8,0,0,5.0,0,-7.457061518324622,996.3441423673314,"Active-Guardian: Current price 1960.8 is below entry price 1988.2. Unrealized PnL is -7.17. Closing the position to limit further losses. | TYPE A Phase 1 | Closed 0.2618, Remaining 0.0000 | Gross: $-7.17 | Fees: $0.28",,,risk_management
2022-03-15T00:00:00+00:00,GOLD,ENTRY,long,0.33535353535353485,1929.7,1980.0,1900.0,5.0,0.82,0,866.739837710766,Active-Guardian: Market is in Green Zone. 1% risk enforced. Bullish MACD crossover and RSI at 52.70 detected. Decisive entry with tight protection. | TYPE A Phase 1 | Fees: $0.18,MACD_crossover;RSI_neutral,indicator_crossover,trend_following
2022-03-16T00:00:00+00:00,GOLD,CLOSE,long,0.33535353535353485,1900.0,0,0,5.0,0,-10.313183444444444,985.8529977006648,"Stop loss hit | TYPE A Phase 1 | Closed 0.3354, Remaining 0.0000 | Gross: $-9.96 | Fees: $0.35",,,
2022-03-16T00:00:00+00:00,GOLD,ENTRY,long,0.25153061224489764,1909.2,1950.0,1870.0,5.0,0.8,0,889.6764876037262,Active-Guardian: Market is in Green Zone. 1% risk enforced. EMA20/50 alignment and RSI=49.35 suggest potential for mean reversion. Recent price action indicates support at 1900. | TYPE A Phase 1 | Fees: $0.13,EMA_alignment;RSI_mean_reversion;Support_bounce,indicator_crossover;support_bounce,mean_reversion;trend_following
2022-03-17T00:00:00+00:00,GOLD,CLOSE,long,0.25153061224489764,1950.0,0,0,5.0,0,9.995504571428548,995.7164411547465,"Take profit hit | TYPE A Phase 1 | Closed 0.2515, Remaining 0.0000 | Gross: $10.26 | Fees: $0.27",,,
2022-03-17T00:00:00+00:00,GOLD,ENTRY,long,0.23032407407407382,1943.2,2000.0,1900.0,5.0,0.82,0,906.0802124278947,Active-Guardian: Market is in Green Zone. 1% risk enforced. EMA20/50 alignment and RSI crossing 50 detected. Decisive entry with tight protection. | TYPE A Phase 1 | Fees: $0.12,EMA_alignment;RSI_crossing,indicator_crossover,trend_following;mean_reversion
2022-03-21T00:00:00+00:00,GOLD,CLOSE,long,0.23032407407407382,1929.5,0,0,5.0,0,-3.4007332262731547,992.1926273497696,"Active-Guardian: Current price 1929.5 is below entry price 1943.2. Unrealized PnL is -3.16. Closing the position to limit further losses. | TYPE A Phase 1 | Closed 0.2303, Remaining 0.0000 | Gross: $-3.16 | Fees: $0.25",,stop_loss_hit,risk_management
2022-03-23T00:00:00+00:00,GOLD,ENTRY,long,0.36336996336996397,1937.3,1975.0,1910.0,5.0,0.82,0,851.2077132691834,Active-Guardian: Market is in Green Zone. 1% risk enforced. EMA20/50 alignment and RSI 53.42 suggest a potential long entry with tight protection. | TYPE A Phase 1 | Fees: $0.19,EMA_alignment;RSI_momentum,price_retest,trend_following;mean_reversion
2022-03-29T00:00:00+00:00,GOLD,CLOSE,long,0.36336996336996397,1910.0,0,0,5.0,0,-10.304448146520148,981.6945911299895,"Stop loss hit | TYPE A Phase 1 | Closed 0.3634, Remaining 0.0000 | Gross: $-9.92 | Fees: $0.38",,,
2022-03-29T00:00:00+00:00,GOLD,ENTRY,long,0.30496894409937847,1912.2,1950.0,1880.0,5.0,0.82,0,864.9018987045238,Active-Guardian: Market is in Green Zone. 1% risk enforced. EMA20/50 alignment and RSI bouncing from 48.33 detected. Decisive entry with tight protection. | TYPE A Phase 1 | Fees: $0.16,EMA_alignment;RSI_bounce,indicator_crossover,trend_following;mean_reversion
2022-03-31T00:00:00+00:00,GOLD,CLOSE,long,0.30496894409937847,1950.0,0,0,5.0,0,11.203917046583822,992.7381387324739,"Take profit hit | TYPE A Phase 1 | Closed 0.3050, Remaining 0.0000 | Gross: $11.53 | Fees: $0.32",,,
2022-04-04T00:00:00+00:00,GOLD,ENTRY,long,0.24433497536945867,1930.6,1970.0,1890.0,5.0,0.82,0,898.2657969393703,Active-Guardian: Market is in Green Zone. 1% risk enforced. EMA20/50 alignment and RSI 50.94 suggest a potential long entry with tight protection. | TYPE A Phase 1 | Fees: $0.13,EMA_alignment;RSI_mean_reversion,price_retest,trend_following;mean_reversion
2022-04-05T00:00:00+00:00,GOLD,CLOSE,long,0.24433497536945867,1924.1,0,0,5.0,0,-1.8471827980295608,990.761234830996,"Active-Guardian: Current price 1924.1 is below entry price 1930.6. Unrealized PnL is -1.59. Closing the position to limit further losses. | TYPE A Phase 1 | Closed 0.2443, Remaining 0.0000 | Gross: $-1.59 | Fees: $0.26",,,risk_management
2022-04-12T00:00:00+00:00,GOLD,ENTRY,long,0.42672413793103364,1973.2,2000.0,1950.0,5.0,0.8,0,822.1272677189274,Active-Guardian: Market is in Green Zone. 1% risk enforced. EMA20/50 alignment and RSI=58.60 detected. Decisive entry with tight protection. | TYPE A Phase 1 | Fees: $0.23,EMA_alignment;RSI_momentum,price_breakout,trend_following;mean_reversion
2022-04-18T00:00:00+00:00,GOLD,CLOSE,long,0.42672413793103364,2000.0,0,0,5.0,0,10.969955301724097,1001.4996368137547,"Take profit hit | TYPE A Phase 1 | Closed 0.4267, Remaining 0.0000 | Gross: $11.44 | Fees: $0.47",,,
2022-04-19T00:00:00+00:00,GOLD,ENTRY,long,0.6134969325153391,1956.3,1985.0,1940.0,5.0,0.8,0,761.1327763843062,Active-Guardian: Market is in Green Zone. 1% risk enforced. Bullish MACD crossover and RSI above 50 detected. Decisive entry with tight protection. | TYPE A Phase 1 | Fees: $0.33,MACD_crossover;RSI_above_50,indicator_crossover,trend_following
2022-04-20T00:00:00+00:00,GOLD,CLOSE,long,0.6134969325153391,1940.0,0,0,5.0,0,-10.657351226993867,990.512234973264,"Stop loss hit | TYPE A Phase 1 | Closed 0.6135, Remaining 0.0000 | Gross: $-10.00 | Fees: $0.66",,,
2022-05-09T00:00:00+00:00,GOLD,ENTRY,long,0.34615384615384726,1858.6,1900.0,1830.0,5.0,0.8,0,861.663002857879,Active-Guardian: Market is in Green Zone. 1% risk enforced. EMA20/50 alignment and RSI oversold condition detected. Decisive entry with tight protection. | TYPE A Phase 1 | Fees: $0.18,EMA_alignment;RSI_oversold,support_bounce,mean_reversion
2022-05-10T00:00:00+00:00,GOLD,CLOSE,long,0.34615384615384726,1841.0,0,0,5.0,0,-6.444481153846143,983.8908293963409,"Active-Guardian: Current price 1841.0 is below entry price 1858.6. Unrealized PnL is -6.09. Closing the position to limit further losses. | TYPE A Phase 1 | Closed 0.3462, Remaining 0.0000 | Gross: $-6.09 | Fees: $0.35",,stop_loss,risk_management
2022-05-16T00:00:00+00:00,GOLD,ENTRY,long,0.41,1814.0,1850.0,1790.0,5.0,0.8,0,834.9383008963409,Active-Guardian: Market is in Green Zone. 1% risk enforced. RSI14=31.77 indicates oversold conditions. EMA20 and EMA50 alignment suggests potential reversal. | TYPE A Phase 1 | Fees: $0.20,RSI_oversold;EMA_alignment,support_bounce,mean_reversion
2022-05-23T00:00:00+00:00,GOLD,CLOSE,long,0.41,1850.0,0,0,5.0,0,14.346884,998.0331848963409,"Take profit hit | TYPE A Phase 1 | Closed 0.4100, Remaining 0.0000 | Gross: $14.76 | Fees: $0.41",,,
2022-05-24T00:00:00+00:00,GOLD,ENTRY,long,0.3937007874015734,1865.4,1900.0,1840.0,5.0,0.82,0,850.9493325341367,Active-Guardian: Market is in Green Zone. 1% risk enforced. EMA20/50 alignment and MACD crossover detected. Decisive entry with tight protection. | TYPE A Phase 1 | Fees: $0.20,EMA_alignment;MACD_crossover,indicator_crossover,trend_following
2022-05-25T00:00:00+00:00,GOLD,CLOSE,long,0.3937007874015734,1840.0,0,0,5.0,0,-10.401175196850392,987.4300471010654,"Stop loss hit | TYPE A Phase 1 | Closed 0.3937, Remaining 0.0000 | Gross: $-10.00 | Fees: $0.40",,,
2022-05-25T00:00:00+00:00,GOLD,ENTRY,long,0.37528517110266224,1846.3,1900.0,1820.0,5.0,0.8,0,848.6617003415595,Active-Guardian: Market is in Green Zone. 1% risk enforced. Bullish MACD crossover and RSI below 50 detected. Decisive entry with tight protection. | TYPE A Phase 1 | Fees: $0.19,MACD_crossover;RSI_undersold,indicator_crossover,trend_following;mean_reversion
2022-06-13T00:00:00+00:00,GOLD,CLOSE,long,0.37528517110266224,1820.0,0,0,5.0,0,-10.248374706273765,976.9911279166547,"Stop loss hit | TYPE A Phase 1 | Closed 0.3753, Remaining 0.0000 | Gross: $-9.87 | Fees: $0.38",,,
2022-06-13T00:00:00+00:00,GOLD,ENTRY,long,0.5088541666666654,1829.2,1850.0,1810.0,5.0,0.8,0,790.5759506718636,Active-Guardian: Market is in Green Zone. 1% risk enforced. Bullish MACD crossover and RSI at 40.85 detected. Decisive entry with tight protection. | TYPE A Phase 1 | Fees: $0.26,MACD_crossover;RSI_40,indicator_crossover,trend_following;mean_reversion
2022-06-14T00:00:00+00:00,GOLD,CLOSE,long,0.5088541666666654,1810.0,0,0,5.0,0,-10.279251072916663,966.4559079322797,"Stop loss hit | TYPE A Phase 1 | Closed 0.5089, Remaining 0.0000 | Gross: $-9.77 | Fees: $0.51",,,
2022-06-14T00:00:00+00:00,GOLD,ENTRY,long,0.471219512195122,1810.5,1850.0,1790.0,5.0,0.8,0,795.5927082615481,Active-Guardian: Market is in Green Zone. 1% risk enforced. Bullish MACD crossover and RSI below 40 detected. Decisive entry with tight protection. | TYPE A Phase 1 | Fees: $0.23,MACD_crossover;RSI_oversold,indicator_crossover,trend_following;mean_reversion
2022-06-16T00:00:00+00:00,GOLD,CLOSE,long,0.471219512195122,1850.0,0,0,5.0,0,18.1388235,984.3601171274017,"Take profit hit | TYPE A Phase 1 | Closed 0.4712, Remaining 0.0000 | Gross: $18.61 | Fees: $0.47",,,
2022-07-05T00:00:00+00:00,GOLD,ENTRY,long,0.2241457858769927,1763.9,1800.0,1720.0,5.0,0.82,0,905.1772398289964,Active-Guardian: Market is in Green Zone. 1% risk enforced. EMA20/50 rejection and RSI oversold detected. Decisive entry with tight protection. | TYPE A Phase 1 | Fees: $0.11,EMA_rejection;RSI_oversold,indicator_crossover,mean_reversion;trend_following
2022-07-06T00:00:00+00:00,GOLD,CLOSE,long,0.2241457858769927,1736.5,0,0,5.0,0,-6.357359507972672,977.8940306627093,"Active-Guardian: Current price 1736.5 is below entry price 1763.9. Unrealized PnL is -6.14. Closing the position to limit further losses. | TYPE A Phase 1 | Closed 0.2241, Remaining 0.0000 | Gross: $-6.14 | Fees: $0.22",,stop_loss,risk_management
2022-07-11T00:00:00+00:00,GOLD,ENTRY,long,0.23450839328537146,1731.7,1780.0,1690.0,5.0,0.8,0,896.5627167314743,"Active-Guardian: Market is in Green Zone. 1% risk enforced. RSI14=25.00 indicates oversold conditions, and price is near a historical support level. Decisive entry with tight protection. | TYPE A Phase 1 | Fees: $0.11",RSI_oversold;support_bounce,indicator_oversold;support_retest,mean_reversion
2022-07-12T00:00:00+00:00,GOLD,CLOSE,long,0.23450839328537146,1724.8,0,0,5.0,0,-1.8410169355515782,975.9413367263783,"Active-Guardian: Current price 1724.8 is below entry price 1731.7. Unrealized PnL is -1.62. Closing the position to limit further losses. | TYPE A Phase 1 | Closed 0.2345, Remaining 0.0000 | Gross: $-1.62 | Fees: $0.22",,,risk_management
2022-07-13T00:00:00+00:00,GOLD,ENTRY,long,0.2145054945054945,1735.5,1790.0,1690.0,3.0,0.65,0,851.7475327263783,Active-Guardian: Market is in Green Zone. 1% risk enforced. RSI14=28.74 indicates oversold condition. EMA20 and EMA50 alignment suggests potential reversal. | TYPE A Phase 1 | Fees: $0.10,RSI_oversold;EMA_alignment,support_bounce,mean_reversion
2022-07-14T00:00:00+00:00,GOLD,CLOSE,long,0.2145054945054945,1705.8,0,0,3.0,0,-6.573812070329679,969.2651492274772,"Active-Guardian: Current price 1705.8 is below entry price 1735.5. Unrealized PnL is -6.37. Closing the position to limit further losses. | TYPE A Phase 1 | Closed 0.2145, Remaining 0.0000 | Gross: $-6.37 | Fees: $0.20",,stop_loss,risk_management
2022-07-18T00:00:00+00:00,GOLD,ENTRY,long,0.3208609271523174,1710.2,1745.0,1680.0,5.0,0.82,0,859.3669752059542,Active-Guardian: Market is in Green Zone. 1% risk enforced. EMA20/50 rejection and RSI oversold detected. Decisive entry with tight protection. | TYPE A Phase 1 | Fees: $0.15,EMA_rejection;RSI_oversold,indicator_crossover,mean_reversion
2022-07-20T00:00:00+00:00,GOLD,CLOSE,long,0.3208609271523174,1700.2,0,0,5.0,0,-3.509531900662246,965.6047148284706,"Active-Guardian: Current price 1700.2 is below entry price 1710.2. Unrealized PnL is -3.21. Closing the position to limit further losses. | TYPE A Phase 1 | Closed 0.3209, Remaining 0.0000 | Gross: $-3.21 | Fees: $0.30",,,
2022-07-21T00:00:00+00:00,GOLD,ENTRY,long,0.28922155688622675,1713.4,1750.0,1680.0,5.0,0.8,0,866.357994855417,"Active-Guardian: Market is in Green Zone. RSI14=30.57 indicates oversold conditions. EMA20 and EMA50 alignment suggests a potential reversal. Recent price action shows a bounce from the 1700 level, indicating support. | TYPE A Phase 1 | Fees: $0.14",RSI_oversold;EMA_alignment;support_bounce,indicator_crossover;support_bounce,mean_reversion;trend_following
2022-07-28T00:00:00+00:00,GOLD,CLOSE,long,0.28922155688622675,1750.0,0,0,5.0,0,10.310044248502939,975.7784822176922,"Take profit hit | TYPE A Phase 1 | Closed 0.2892, Remaining 0.0000 | Gross: $10.59 | Fees: $0.28",,,
2022-07-28T00:00:00+00:00,GOLD,ENTRY,long,0.2836569767441853,1754.4,1780.0,1720.0,5.0,0.8,0,876.1120690726924,"Active-Guardian: Market is in Green Zone. EMA20/50 alignment and MACD crossover detected. RSI is at 47.46, indicating a potential bounce. 1% risk enforced. | TYPE A Phase 1 | Fees: $0.14",EMA_alignment;MACD_crossover;RSI_bounce,indicator_crossover;support_bounce,trend_following;mean_reversion
2022-08-02T00:00:00+00:00,GOLD,CLOSE,long,0.2836569767441853,1780.0,0,0,5.0,0,6.985915369534839,982.627544442227,"Take profit hit | TYPE A Phase 1 | Closed 0.2837, Remaining 0.0000 | Gross: $7.26 | Fees: $0.28",,,
2022-08-04T00:00:00+00:00,GOLD,ENTRY,long,0.37519083969465583,1791.2,1815.0,1765.0,5.0,0.8,0,848.0343665261967,Active-Guardian: Market is in Green Zone. 1% risk enforced. EMA20/50 alignment and RSI 57.48 suggest a bullish trend. MACD crossover is bullish. | TYPE A Phase 1 | Fees: $0.18,EMA_alignment;RSI_bullish;MACD_crossover,indicator_crossover;trend_following,trend_following;mean_reversion
2022-08-15T00:00:00+00:00,GOLD,CLOSE,long,0.37519083969465583,1783.3,0,0,5.0,0,-3.3328155391221657,979.109917399288,"Active-Guardian: Current price 1783.3 is below entry price 1791.2. Unrealized PnL is -2.96. Closing the position to limit further losses. | TYPE A Phase 1 | Closed 0.3752, Remaining 0.0000 | Gross: $-2.96 | Fees: $0.37",,stop_loss,risk_management
2022-08-22T00:00:00+00:00,GOLD,ENTRY,long,0.28459302325581315,1734.4,1780.0,1700.0,5.0,0.8,0,880.2545500039394,Active-Guardian: Market is in Green Zone. 1% risk enforced. Bullish MACD crossover and RSI below 40 detected. Decisive entry with tight protection. | TYPE A Phase 1 | Fees: $0.14,MACD_crossover;RSI_oversold,indicator_crossover,trend_following;mean_reversion
2022-08-30T00:00:00+00:00,GOLD,CLOSE,long,0.28459302325581315,1726.9,0,0,5.0,0,-2.405339678052319,976.5688382328635,"Active-Guardian: Current price 1726.9 is below entry price 1734.4. Unrealized PnL is -2.13. Closing the position to limit further losses. | TYPE A Phase 1 | Closed 0.2846, Remaining 0.0000 | Gross: $-2.13 | Fees: $0.27",,stop_loss_hit,risk_management
2022-09-01T00:00:00+00:00,GOLD,ENTRY,long,0.49821428571428805,1699.6,1720.0,1680.0,5.0,0.82,0,806.9829778578627,Active-Guardian: Market is in Green Zone. 1% risk enforced. EMA20/50 rejection and RSI oversold detected. Decisive entry with tight protection. | TYPE A Phase 1 | Fees: $0.23,EMA_rejection;RSI_oversold,indicator_crossover;support_bounce,trend_following;mean_reversion
2022-09-06T00:00:00+00:00,GOLD,CLOSE,long,0.49821428571428805,1720.0,0,0,5.0,0,9.695055696428662,986.0310335542922,"Take profit hit | TYPE A Phase 1 | Closed 0.4982, Remaining 0.0000 | Gross: $10.16 | Fees: $0.47",,,
2022-09-06T00:00:00+00:00,GOLD,ENTRY,long,0.4213675213675197,1703.4,1720.0,1680.0,5.0,0.8,0,842.2821630799338,Active-Guardian: Market is in Green Zone. 1% risk enforced. EMA20/50 rejection and RSI bouncing from 30 detected. Decisive entry with tight protection. | TYPE A Phase 1 | Fees: $0.20,EMA_rejection;RSI_oversold,indicator_crossover;support_bounce,trend_following;mean_reversion
2022-09-07T00:00:00+00:00,GOLD,CLOSE,long,0.4213675213675197,1720.0,0,0,5.0,0,6.598010722222158,992.4316609816426,"Take profit hit | TYPE A Phase 1 | Closed 0.4214, Remaining 0.0000 | Gross: $6.99 | Fees: $0.40",,,
2022-09-07T00:00:00+00:00,GOLD,ENTRY,long,0.3517730496453895,1718.2,1750.0,1690.0,5.0,0.8,0,871.3821556766783,Active-Guardian: Market is in Green Zone. 1% risk enforced. EMA20/50 rejection and RSI bouncing from 40 detected. Decisive entry with tight protection. | TYPE A Phase 1 | Fees: $0.17,EMA_rejection;RSI_bounce,indicator_crossover,trend_following;mean_reversion
2022-09-08T00:00:00+00:00,GOLD,CLOSE,long,0.3517730496453895,1710.6,0,0,5.0,0,-3.005169021276639,989.2602774355433,"Active-Guardian: Current price 1710.6 is below entry price 1718.2. Unrealized PnL is -2.67. Closing the position to limit further losses. | TYPE A Phase 1 | Closed 0.3518, Remaining 0.0000 | Gross: $-2.67 | Fees: $0.33",,,risk_management
2022-09-12T00:00:00+00:00,GOLD,ENTRY,long,0.4754807692307703,1730.8,1750.0,1710.0,5.0,0.82,0,824.4415397768892,Active-Guardian: Market is in Green Zone. 1% risk enforced. EMA20/50 alignment and RSI 45.60 detected. Decisive entry with tight protection. | TYPE A Phase 1 | Fees: $0.23,EMA_alignment;RSI_mean_reversion,indicator_crossover,trend_following;mean_reversion
2022-09-13T00:00:00+00:00,GOLD,CLOSE,long,0.4754807692307703,1710.0,0,0,5.0,0,-10.339909413461541,978.6940534403511,"Stop loss hit | TYPE A Phase 1 | Closed 0.4755, Remaining 0.0000 | Gross: $-9.89 | Fees: $0.45",,,
2022-09-13T00:00:00+00:00,GOLD,ENTRY,long,0.44499999999999995,1707.1,1735.1,1685.1,5.0,0.82,0,826.5532470778512,Active-Guardian: Market is in Green Zone. 1% risk enforced. EMA20/50 rejection and RSI bouncing from 39.43 detected. Decisive entry with tight protection. | TYPE A Phase 1 | Fees: $0.21,EMA_rejection;RSI_bounce,indicator_crossover,trend_following;mean_reversion
2022-09-14T00:00:00+00:00,GOLD,CLOSE,long,0.44499999999999995,1698.2,0,0,5.0,0,-4.377223587499939,974.1079234903513,"Active-Guardian: Current price 1698.2 is below entry price 1707.1. Unrealized PnL is -3.96. Closing the position to limit further losses. | TYPE A Phase 1 | Closed 0.4450, Remaining 0.0000 | Gross: $-3.96 | Fees: $0.42",,stop_loss,risk_management
2022-09-15T00:00:00+00:00,GOLD,ENTRY,long,0.36343283582089614,1666.8,1695.0,1640.0,5.0,0.8,0,852.7873666321422,Active-Guardian: Market is in Green Zone. 1% risk enforced. EMA20/50 rejection and RSI oversold detected. Decisive entry with tight protection. | TYPE A Phase 1 | Fees: $0.17,EMA_rejection;RSI_oversold,indicator_crossover,mean_reversion
2022-09-20T00:00:00+00:00,GOLD,CLOSE,long,0.36343283582089614,1661.0,0,0,5.0,0,-2.440504190298495,971.5008325910976,"Active-Guardian: Current price 1661.0 is below entry price 1666.8. Unrealized PnL is -2.11. Closing the position to limit further losses. | TYPE A Phase 1 | Closed 0.3634, Remaining 0.0000 | Gross: $-2.11 | Fees: $0.33",,stop_loss,risk_management
2022-09-21T00:00:00+00:00,GOLD,ENTRY,long,0.4670673076923087,1665.8,1695.0,1645.0,5.0,0.8,0,815.6787271620108,"Active-Guardian: Market is in Green Zone. 1% risk enforced. RSI (32.34) indicates oversold conditions, and price is near a historical support level. Entry with tight protection. | TYPE A Phase 1 | Fees: $0.21",RSI_oversold;support_bounce,indicator_oversold;support_retest,mean_reversion
2022-09-26T00:00:00+00:00,GOLD,CLOSE,long,0.4670673076923087,1645.0,0,0,5.0,0,-10.140250771634616,961.1466206211458,"Stop loss hit | TYPE A Phase 1 | Closed 0.4671, Remaining 0.0000 | Gross: $-9.71 | Fees: $0.43",,,
2022-09-26T00:00:00+00:00,GOLD,ENTRY,long,0.40720338983051,1623.6,1650.0,1600.0,5.0,0.8,0,828.7377236338572,Active-Guardian: Market is in Green Zone. 1% risk enforced. EMA20/50 rejection and RSI oversold detected. Decisive entry with tight protection. | TYPE A Phase 1 | Fees: $0.18,EMA_rejection;RSI_oversold,indicator_crossover;support_bounce,trend_following;mean_reversion
2022-09-28T00:00:00+00:00,GOLD,CLOSE,long,0.40720338983051,1650.0,0,0,5.0,0,10.383588711864483,971.3483970914849,"Take profit hit | TYPE A Phase 1 | Closed 0.4072, Remaining 0.0000 | Gross: $10.75 | Fees: $0.37",,,
2022-09-28T00:00:00+00:00,GOLD,ENTRY,long,0.3837944664031628,1660.3,1685.0,1635.0,5.0,0.62,0,843.7303727406942,Active-Guardian: Market is in Green Zone. 1% risk enforced. EMA20/50 alignment and RSI oversold detected. Decisive entry with tight protection. | TYPE A Phase 1 | Fees: $0.18,EMA_alignment;RSI_oversold,indicator_crossover,trend_following;mean_reversion
2022-10-03T00:00:00+00:00,GOLD,CLOSE,long,0.3837944664031628,1685.0,0,0,5.0,0,9.12664872233205,980.2998119768605,"Take profit hit | TYPE A Phase 1 | Closed 0.3838, Remaining 0.0000 | Gross: $9.48 | Fees: $0.35",,,
2022-10-03T00:00:00+00:00,GOLD,ENTRY,long,0.5697674418604637,1697.2,1720.0,1680.0,5.0,0.82,0,786.6320239536051,Active-Guardian: Market is in Green Zone. 1% risk enforced. EMA20/50 rejection and RSI bouncing from 50 detected. Decisive entry with tight protection. | TYPE A Phase 1 | Fees: $0.27,EMA_rejection;RSI_bounce,indicator_crossover;support_bounce,trend_following;mean_reversion
2022-10-04T00:00:00+00:00,GOLD,CLOSE,long,0.5697674418604637,1720.0,0,0,5.0,0,12.455270116279014,992.4891545349999,"Take profit hit | TYPE A Phase 1 | Closed 0.5698, Remaining 0.0000 | Gross: $12.99 | Fees: $0.54",,,
2022-10-04T00:00:00+00:00,GOLD,ENTRY,long,0.27943661971830985,1725.5,1750.0,1690.0,5.0,0.82,0,895.9229809011971,Active-Guardian: Market is in Green Zone. Bullish MACD crossover and RSI at 56.13 indicate potential for long entry with tight protection. | TYPE A Phase 1 | Fees: $0.13,MACD_crossover;RSI_momentum,indicator_crossover,trend_following;mean_reversion
2022-10-05T00:00:00+00:00,GOLD,CLOSE,long,0.27943661971830985,1715.6,0,0,5.0,0,-3.0308541070422788,989.3257042589436,"Active-Guardian: Current price 1715.6 is below entry price 1725.5. Unrealized PnL is -2.77. Closing the position to limit further losses. | TYPE A Phase 1 | Closed 0.2794, Remaining 0.0000 | Gross: $-2.77 | Fees: $0.26",,price_below_entry,risk_management
2022-10-10T00:00:00+00:00,GOLD,ENTRY,long,0.32857142857142957,1670.1,1700.0,1640.0,5.0,0.82,0,879.4253702232289,Active-Guardian: Market is in Green Zone. 1% risk enforced. Bullish MACD crossover and RSI below 50 detected. Decisive entry with tight protection. | TYPE A Phase 1 | Fees: $0.15,MACD_crossover;RSI_oversold;EMA_alignment,indicator_crossover;support_bounce,trend_following;mean_reversion
2022-10-17T00:00:00+00:00,GOLD,CLOSE,long,0.32857142857142957,1658.9,0,0,5.0,0,-3.9807989285713807,985.1939998660864,"Active-Guardian: Current price 1658.9 is below entry price 1670.1. Unrealized PnL is -3.68. Closing the position to limit further losses. | TYPE A Phase 1 | Closed 0.3286, Remaining 0.0000 | Gross: $-3.68 | Fees: $0.30",,stop_loss,risk_management
2022-10-31T00:00:00+00:00,GOLD,ENTRY,long,0.3208469055374588,1640.7,1685.0,1610.0,5.0,0.82,0,879.7665325655979,Active-Guardian: Market is in Green Zone. EMA20/50 alignment and RSI 40.62 suggest a potential long entry. MACD crossover is bullish. | TYPE A Phase 1 | Fees: $0.14,EMA_alignment;RSI_mean_reversion;MACD_crossover,indicator_crossover;support_bounce,trend_following;mean_reversion
2022-11-03T00:00:00+00:00,GOLD,CLOSE,long,0.3208469055374588,1630.9,0,0,5.0,0,-3.4329624267100782,981.6162737219496,"Active-Guardian: Current price 1630.9 is below entry price 1640.7. Unrealized PnL is -3.14. Closing the position to limit further losses. | TYPE A Phase 1 | Closed 0.3208, Remaining 0.0000 | Gross: $-3.14 | Fees: $0.29",,,risk_management
2022-11-07T00:00:00+00:00,GOLD,ENTRY,long,0.38494901960784317,1680.5,1705.0,1655.0,5.0,0.8,0,852.0570088542045,Active-Guardian: Market is in Green Zone. 1% risk enforced. Bullish MACD crossover and RSI at 53.30 detected. Decisive entry with tight protection. | TYPE A Phase 1 | Fees: $0.18,MACD_crossover;RSI_midline,indicator_crossover,trend_following;mean_reversion
2022-11-08T00:00:00+00:00,GOLD,CLOSE,long,0.38494901960784317,1705.0,0,0,5.0,0,9.07285863127451,990.5112329756751,"Take profit hit | TYPE A Phase 1 | Closed 0.3849, Remaining 0.0000 | Gross: $9.43 | Fees: $0.36",,,
2022-11-08T00:00:00+00:00,GOLD,ENTRY,long,0.275,1716.0,1745.0,1680.0,5.0,0.82,0,896.001460475675,Active-Guardian: Market is in Green Zone. 1% risk enforced. Bullish MACD crossover and RSI below 70 detected. Decisive entry with tight protection. | TYPE A Phase 1 | Fees: $0.13,MACD_crossover;RSI_below_70;EMA_alignment,indicator_crossover;trend_following,trend_following;mean_reversion
2022-11-09T00:00:00+00:00,GOLD,CLOSE,long,0.275,1713.7,0,0,5.0,0,-0.8918710624999875,989.489589413175,"Active-Guardian: Current price 1713.7 is below entry price 1716.0. Unrealized PnL is -0.63. Closing the position to limit further losses. | TYPE A Phase 1 | Closed 0.2750, Remaining 0.0000 | Gross: $-0.63 | Fees: $0.26",,,risk_management
2022-11-10T00:00:00+00:00,GOLD,ENTRY,long,0.2934718100890204,1753.7,1790.0,1720.0,5.0,0.8,0,886.41575482638,Active-Guardian: Market is in Green Zone. 1% risk enforced. EMA20/50 alignment and RSI=66.50 detected. Decisive entry with tight protection. | TYPE A Phase 1 | Fees: $0.14,EMA_alignment;RSI_bullish;MACD_crossover,indicator_crossover;trend_strength,trend_following;mean_reversion
2022-11-15T00:00:00+00:00,GOLD,CLOSE,long,0.2934718100890204,1790.0,0,0,5.0,0,10.367033291543,999.7150907885459,"Take profit hit | TYPE A Phase 1 | Closed 0.2935, Remaining 0.0000 | Gross: $10.65 | Fees: $0.29",,,
2022-11-15T00:00:00+00:00,GOLD,ENTRY,long,0.3731343283582096,1776.8,1810.0,1750.0,5.0,0.82,0,866.9357549676502,"Active-Guardian: Market is in Green Zone. Bullish MACD crossover, RSI above 50, and price above EMA20/50. Entry with tight protection. | TYPE A Phase 1 | Fees: $0.18",MACD_crossover;RSI_above_50;EMA_alignment,indicator_crossover;trend_following,trend_following;mean_reversion
2022-11-17T00:00:00+00:00,GOLD,CLOSE,long,0.3731343283582096,1763.0,0,0,5.0,0,-5.512479477611933,994.0202904154115,"Active-Guardian: Current price 1763.0 is below entry price 1776.8. Unrealized PnL is -5.15. Closing the position to limit further losses. | TYPE A Phase 1 | Closed 0.3731, Remaining 0.0000 | Gross: $-5.15 | Fees: $0.36",,,risk_management
2022-11-21T00:00:00+00:00,GOLD,ENTRY,long,0.20040322580645198,1739.6,1785.0,1690.0,5.0,0.82,0,924.2001291936372,Active-Guardian: Market is in Green Zone. 1% risk enforced. Bullish MACD crossover and RSI at 58.17 detected. Decisive entry with tight protection. | TYPE A Phase 1 | Fees: $0.10,MACD_crossover;RSI_bullish;EMA_alignment,indicator_crossover;trend_following,trend_following;mean_reversion
2022-12-01T00:00:00+00:00,GOLD,CLOSE,long,0.20040322580645198,1785.0,0,0,5.0,0,8.904062618951647,1002.8284821351696,"Take profit hit | TYPE A Phase 1 | Closed 0.2004, Remaining 0.0000 | Gross: $9.10 | Fees: $0.19",,,
2022-12-01T00:00:00+00:00,GOLD,ENTRY,long,0.35567375886524766,1808.2,1850.0,1780.0,5.0,0.82,0,874.0257634241768,Active-Guardian: Market is in Green Zone. 1% risk enforced. EMA20/50 rejection and RSI70 detected. Decisive entry with tight protection. | TYPE A Phase 1 | Fees: $0.18,EMA_rejection;RSI_70,indicator_crossover,trend_following;mean_reversion
2022-12-05T00:00:00+00:00,GOLD,CLOSE,long,0.35567375886524766,1780.0,0,0,5.0,0,-10.380962859929078,992.270658720276,"Stop loss hit | TYPE A Phase 1 | Closed 0.3557, Remaining 0.0000 | Gross: $-10.03 | Fees: $0.35",,,
2022-12-05T00:00:00+00:00,GOLD,ENTRY,long,0.4082304526748979,1774.3,1820.0,1750.0,5.0,0.82,0,847.2068113787119,Active-Guardian: Market is in ACTIVE (Green Zone). 1% risk enforced. Bullish MACD crossover and RSI at 60.21 detected. Decisive entry with tight protection. | TYPE A Phase 1 | Fees: $0.20,MACD_crossover;RSI_bullish;EMA_alignment,indicator_crossover;trend_strength,trend_following;mean_reversion
2022-12-13T00:00:00+00:00,GOLD,CLOSE,long,0.4082304526748979,1820.0,0,0,5.0,0,18.25262344032927,1010.3240932552554,"Take profit hit | TYPE A Phase 1 | Closed 0.4082, Remaining 0.0000 | Gross: $18.66 | Fees: $0.40",,,
2022-12-13T00:00:00+00:00,GOLD,ENTRY,long,0.35689045936395813,1818.3,1850.0,1790.0,5.0,0.8,0,880.3588519743365,Active-Guardian: Market is in Green Zone. 1% risk enforced. Bullish MACD crossover and RSI above 50 detected. Decisive entry with tight protection. | TYPE A Phase 1 | Fees: $0.18,MACD_crossover;RSI_above_50;EMA_alignment,indicator_crossover;trend_strength,trend_following;mean_reversion
2022-12-14T00:00:00+00:00,GOLD,CLOSE,long,0.35689045936395813,1811.5,0,0,5.0,0,-2.7831013957597053,1007.3625350308738,"Active-Guardian: Current price 1811.5 is below entry price 1818.3. Unrealized PnL is -2.43. Closing the position to limit further losses. | TYPE A Phase 1 | Closed 0.3569, Remaining 0.0000 | Gross: $-2.43 | Fees: $0.36",,stop_loss,risk_management
2022-12-15T00:00:00+00:00,GOLD,ENTRY,long,0.3933593750000014,1780.6,1805.0,1755.0,5.0,0.82,0,867.086780087514,Active-Guardian: Market is in Green Zone. 1% risk enforced. Bullish MACD crossover and RSI at 55.90 detected. Decisive entry with tight protection. | TYPE A Phase 1 | Fees: $0.19,MACD_crossover;RSI_momentum,indicator_crossover,trend_following;mean_reversion
2022-12-20T00:00:00+00:00,GOLD,CLOSE,long,0.3933593750000014,1805.0,0,0,5.0,0,9.21010067187507,1016.3800213843895,"Take profit hit | TYPE A Phase 1 | Closed 0.3934, Remaining 0.0000 | Gross: $9.60 | Fees: $0.39",,,
2022-12-20T00:00:00+00:00,GOLD,ENTRY,long,0.3552447552447564,1818.6,1850.0,1790.0,5.0,0.82,0,886.9927357759974,Active-Guardian: Market is in Green Zone. 1% risk enforced. Bullish MACD crossover and RSI=62.89 detected. Decisive entry with tight protection. | TYPE A Phase 1 | Fees: $0.18,MACD_crossover;RSI_bullish,indicator_crossover,trend_following
2022-12-22T00:00:00+00:00,GOLD,CLOSE,long,0.3552447552447564,1790.0,0,0,5.0,0,-10.512532461538463,1005.6898256920817,"Stop loss hit | TYPE A Phase 1 | Closed 0.3552, Remaining 0.0000 | Gross: $-10.16 | Fees: $0.35",,,
2022-12-22T00:00:00+00:00,GOLD,ENTRY,long,0.35263157894736846,1788.5,1830.0,1760.0,5.0,0.82,0,879.3800724683975,Active-Guardian: Market is in Green Zone. EMA20/50 alignment and RSI 54.76 suggest a potential long entry. Recent price action and trend strength score support this decision. | TYPE A Phase 1 | Fees: $0.17,EMA_alignment;RSI_momentum,price_breakout,trend_following;mean_reversion
2022-12-27T00:00:00+00:00,GOLD,CLOSE,long,0.35263157894736846,1830.0,0,0,5.0,0,14.28331125,1019.7996995078713,"Take profit hit | TYPE A Phase 1 | Closed 0.3526, Remaining 0.0000 | Gross: $14.63 | Fees: $0.35",,,
2022-12-27T00:00:00+00:00,GOLD,ENTRY,long,0.3878326996197725,1816.3,1845.0,1790.0,5.0,0.8,0,878.7218773976049,Active-Guardian: Market is in Green Zone. 1% risk enforced. EMA20/50 rejection and RSI crossing 50 detected. Decisive entry with tight protection. | TYPE A Phase 1 | Fees: $0.19,EMA_rejection;RSI_crossing_50,indicator_crossover;support_bounce,trend_following;mean_reversion
2022-12-28T00:00:00+00:00,GOLD,CLOSE,long,0.3878326996197725,1808.8,0,0,5.0,0,-3.295376634980994,1016.3106072265025,"Active-Guardian: Current price 1808.8 is below entry price 1816.3. Unrealized PnL is -2.91. Closing the position to limit further losses. | TYPE A Phase 1 | Closed 0.3878, Remaining 0.0000 | Gross: $-2.91 | Fees: $0.39",price_rejection;RSI_momentum_shift,stop_loss_hit,trend_following;risk_management
2022-12-29T00:00:00+00:00,GOLD,ENTRY,long,0.39076923076923076,1826.0,1850.0,1800.0,5.0,0.8,0,873.4054593803487,Active-Guardian: Market is in Green Zone. 1% risk enforced. EMA20/50 alignment and RSI=61.08 suggest a potential long entry with tight protection. | TYPE A Phase 1 | Fees: $0.20,EMA_alignment;RSI_momentum,price_retest,trend_following;mean_reversion
2023-01-03T00:00:00+00:00,GOLD,CLOSE,long,0.39076923076923076,1850.0,0,0,5.0,0,8.983432923076922,1025.0978153803487,"Take profit hit | TYPE A Phase 1 | Closed 0.3908, Remaining 0.0000 | Gross: $9.38 | Fees: $0.40",,,
2023-01-03T00:00:00+00:00,GOLD,ENTRY,long,0.39272030651341133,1846.1,1870.0,1820.0,5.0,0.82,0,879.8982485460571,Active-Guardian: Market is in Green Zone. 1% risk enforced. Bullish MACD crossover and RSI above 50 detected. Decisive entry with tight protection. | TYPE A Phase 1 | Fees: $0.20,MACD_crossover;RSI_above_50;EMA_alignment,indicator_crossover;trend_continuation,trend_following;momentum_trading
2023-01-04T00:00:00+00:00,GOLD,CLOSE,long,0.39272030651341133,1870.0,0,0,5.0,0,8.984683644636082,1033.8831237615748,"Take profit hit | TYPE A Phase 1 | Closed 0.3927, Remaining 0.0000 | Gross: $9.39 | Fees: $0.40",,,
2023-01-05T00:00:00+00:00,GOLD,ENTRY,long,0.2043478260869569,1840.6,1890.0,1790.0,5.0,0.82,0,958.5551683050529,Active-Guardian: Market is in Green Zone. 1% risk enforced. EMA20/50 rejection and RSI crossing 50 detected. Decisive entry with tight protection. | TYPE A Phase 1 | Fees: $0.10,EMA_rejection;RSI_crossing,indicator_crossover;trend_strength,trend_following;mean_reversion
2023-01-11T00:00:00+00:00,GOLD,CLOSE,long,0.2043478260869569,1890.0,0,0,5.0,0,9.88513910869569,1043.664829152879,"Take profit hit | TYPE A Phase 1 | Closed 0.2043, Remaining 0.0000 | Gross: $10.09 | Fees: $0.21",,,
2023-01-11T00:00:00+00:00,GOLD,ENTRY,long,0.3612456747404833,1878.9,1930.0,1850.0,5.0,0.82,0,907.729274761876,Active-Guardian: Market is in Green Zone. 1% risk enforced. Bullish MACD crossover and RSI above 50 detected. Decisive entry with tight protection. | TYPE A Phase 1 | Fees: $0.19,MACD_crossover;RSI_above_50;EMA_alignment,indicator_crossover;trend_strength,trend_following;mean_reversion
2023-01-17T00:00:00+00:00,GOLD,CLOSE,long,0.3612456747404833,1930.0,0,0,5.0,0,18.08126810034593,1061.5594425162008,"Take profit hit | TYPE A Phase 1 | Closed 0.3612, Remaining 0.0000 | Gross: $18.46 | Fees: $0.38",,,
2023-01-17T00:00:00+00:00,GOLD,ENTRY,long,0.3551839464882932,1909.9,1950.0,1880.0,5.0,0.85,0,925.6997280362681,Active-Guardian: Market is in Green Zone. 1% risk enforced. Bullish MACD crossover and RSI above 50 detected. Decisive entry with tight protection. | TYPE A Phase 1 | Fees: $0.19,MACD_crossover;RSI_above_50;EMA_alignment,indicator_crossover;trend_strength,trend_following;mean_reversion
2023-02-01T00:00:00+00:00,GOLD,CLOSE,long,0.3551839464882932,1950.0,0,0,5.0,0,13.865858262541732,1075.238750178408,"Take profit hit | TYPE A Phase 1 | Closed 0.3552, Remaining 0.0000 | Gross: $14.24 | Fees: $0.38",,,
2023-02-01T00:00:00+00:00,GOLD,ENTRY,long,0.3134110787172016,1934.3,1970.0,1900.0,5.0,0.82,0,953.8258267272417,Active-Guardian: Market is in Green Zone. 1% risk enforced. EMA20/50 alignment and RSI70 suggest bullish momentum. Entry with tight protection. | TYPE A Phase 1 | Fees: $0.17,EMA_alignment;RSI_bullish;Trend_strength,indicator_crossover;trend_following,trend_following;mean_reversion
2023-02-02T00:00:00+00:00,GOLD,CLOSE,long,0.3134110787172016,1922.2,0,0,5.0,0,-4.124658254373155,1070.9473783854053,"Active-Guardian: Current price 1922.2 is below entry price 1934.3. Unrealized PnL is -3.79. Closing the position to limit further losses. | TYPE A Phase 1 | Closed 0.3134, Remaining 0.0000 | Gross: $-3.79 | Fees: $0.33",,stop_loss,risk_management
2023-02-06T00:00:00+00:00,GOLD,ENTRY,long,0.505188679245282,1871.2,1900.0,1850.0,5.0,0.82,0,881.6256070740849,"Active-Guardian: Market is in Green Zone. EMA20/50 alignment and RSI=48.16 suggest a potential bounce. Recent price action shows a pullback to a support level, presenting a buying opportunity with tight risk management. | TYPE A Phase 1 | Fees: $0.26",EMA_alignment;RSI_mean_reversion;support_bounce,price_pullback;indicator_alignment,mean_reversion;trend_following
2023-02-13T00:00:00+00:00,GOLD,CLOSE,long,0.505188679245282,1855.1,0,0,5.0,0,-8.651220994103824,1062.0361974007353,"Active-Guardian: Current price 1855.1 is below entry price 1871.2. Unrealized PnL is -8.13. Closing the position to limit further losses. | TYPE A Phase 1 | Closed 0.5052, Remaining 0.0000 | Gross: $-8.13 | Fees: $0.52",,,risk_management
2023-02-15T00:00:00+00:00,GOLD,ENTRY,long,0.287027027027027,1837.0,1900.0,1800.0,5.0,0.82,0,956.4374687926272,Active-Guardian: Market is in Green Zone. 1% risk enforced. EMA20/50 alignment and RSI below 50 detected. Decisive entry with tight protection. | TYPE A Phase 1 | Fees: $0.14,EMA_alignment;RSI_oversold,indicator_crossover,trend_following;mean_reversion
2023-02-23T00:00:00+00:00,GOLD,CLOSE,long,0.287027027027027,1818.8,0,0,5.0,0,-5.512453078378391,1056.3787454439785,"Active-Guardian: Current price 1818.8 is below entry price 1837.0. Unrealized PnL is -5.22. Closing the position to limit further losses. | TYPE A Phase 1 | Closed 0.2870, Remaining 0.0000 | Gross: $-5.22 | Fees: $0.29",,,risk_management
2023-03-07T00:00:00+00:00,GOLD,ENTRY,long,0.35200000000000004,1820.0,1850.0,1790.0,5.0,0.8,0,928.0745694439785,Active-Guardian: Market is in Green Zone. 1% risk enforced. EMA20/50 alignment and RSI below 50 detected. Decisive entry with tight protection. | TYPE A Phase 1 | Fees: $0.18,EMA_alignment;RSI_oversold,indicator_crossover,trend_following;mean_reversion
2023-03-13T00:00:00+00:00,GOLD,CLOSE,long,0.35200000000000004,1850.0,0,0,5.0,0,10.204744,1066.4073134439784,"Take profit hit | TYPE A Phase 1 | Closed 0.3520, Remaining 0.0000 | Gross: $10.56 | Fees: $0.36",,,
2023-03-13T00:00:00+00:00,GOLD,ENTRY,long,0.29232876712328765,1916.5,1970.0,1880.0,5.0,0.82,0,954.2036287830196,Active-Guardian: Market is in Active mode. 1% risk enforced. EMA20/50 rejection and RSI crossing 50 detected. Decisive entry with tight protection. | TYPE A Phase 1 | Fees: $0.15,EMA_rejection;RSI_crossing_50,indicator_crossover;support_bounce,trend_following;mean_reversion
2023-03-20T00:00:00+00:00,GOLD,CLOSE,long,0.29232876712328765,1970.0,0,0,5.0,0,15.327151708904108,1081.58039693028,"Take profit hit | TYPE A Phase 1 | Closed 0.2923, Remaining 0.0000 | Gross: $15.64 | Fees: $0.31",,,
2023-03-20T00:00:00+00:00,GOLD,ENTRY,long,0.32987804878048826,1982.8,2025.0,1950.0,5.0,0.82,0,950.584085302231,Active-Guardian: Market is in Green Zone. 1% risk enforced. Bullish MACD crossover and RSI above 70 detected. Decisive entry with tight protection. | TYPE A Phase 1 | Fees: $0.18,MACD_crossover;RSI_above_70;EMA_alignment,indicator_crossover;trend_strength,trend_following;momentum
2023-03-21T00:00:00+00:00,GOLD,CLOSE,long,0.32987804878048826,1950.0,0,0,5.0,0,-11.176769707317074,1070.2237546193044,"Stop loss hit | TYPE A Phase 1 | Closed 0.3299, Remaining 0.0000 | Gross: $-10.82 | Fees: $0.36",,,
2023-03-21T00:00:00+00:00,GOLD,ENTRY,long,0.17512274959083496,1941.1,2000.0,1880.0,5.0,0.85,0,1002.144119811612,Active-Guardian: Market is in ACTIVE (Green Zone). 1% risk enforced. Bullish MACD crossover and RSI below 70 detected. Decisive entry with tight protection. | TYPE A Phase 1 | Fees: $0.09,MACD_crossover;RSI_below_70;EMA_alignment,indicator_crossover;trend_strength,trend_following;mean_reversion
2023-03-23T00:00:00+00:00,GOLD,CLOSE,long,0.17512274959083496,2000.0,0,0,5.0,0,10.124931477086776,1080.2552051348528,"Take profit hit | TYPE A Phase 1 | Closed 0.1751, Remaining 0.0000 | Gross: $10.31 | Fees: $0.19",,,
2023-03-23T00:00:00+00:00,GOLD,ENTRY,long,0.41698841698841554,1995.9,2025.0,1970.0,5.0,0.8,0,913.5728953665135,Active-Guardian: Market is in Green Zone. 1% risk enforced. Bullish MACD crossover and RSI above 50 detected. Decisive entry with tight protection. | TYPE A Phase 1 | Fees: $0.23,MACD_crossover;RSI_above_50;EMA_alignment,indicator_crossover;trend_strength,trend_following;mean_reversion
2023-03-27T00:00:00+00:00,GOLD,CLOSE,long,0.41698841698841554,1970.0,0,0,5.0,0,-11.25477694980695,1068.7715547101423,"Stop loss hit | TYPE A Phase 1 | Closed 0.4170, Remaining 0.0000 | Gross: $-10.80 | Fees: $0.45",,,
2023-03-27T00:00:00+00:00,GOLD,ENTRY,long,0.31627218934911283,1953.8,2000.0,1920.0,5.0,0.82,0,945.0151025341066,Active-Guardian: Market is in Green Zone. 1% risk enforced. Bullish MACD crossover and RSI=59.34 detected. Decisive entry with tight protection. | TYPE A Phase 1 | Fees: $0.17,MACD_crossover;RSI_bullish;EMA_alignment,indicator_crossover;trend_strength,trend_following;momentum
2023-04-04T00:00:00+00:00,GOLD,CLOSE,long,0.31627218934911283,2000.0,0,0,5.0,0,14.267893977810683,1082.8695172219766,"Take profit hit | TYPE A Phase 1 | Closed 0.3163, Remaining 0.0000 | Gross: $14.61 | Fees: $0.34",,,
2023-04-04T00:00:00+00:00,GOLD,ENTRY,long,0.24502262443438888,2029.4,2065.4,1985.2,5.0,0.82,0,983.2829909651894,Active-Guardian: Market is in Green Zone. 1% risk enforced. Bullish MACD crossover and RSI above 50 detected. Decisive entry with tight protection. | TYPE A Phase 1 | Fees: $0.14,MACD_crossover;RSI_above_50;EMA_alignment,indicator_crossover;trend_strength,trend_following;mean_reversion
2023-04-10T00:00:00+00:00,GOLD,CLOSE,long,0.24502262443438888,1994.8,0,0,5.0,0,-8.748938317873328,1073.9838354527458,"Active-Guardian: Current price 1994.8 is below entry price 2029.4. Unrealized PnL is -8.48. Closing the position to limit further losses. | TYPE A Phase 1 | Closed 0.2450, Remaining 0.0000 | Gross: $-8.48 | Fees: $0.27",,stop_loss,risk_management
2023-04-13T00:00:00+00:00,GOLD,ENTRY,long,0.2344978165938867,2045.8,2120.0,2000.0,5.0,0.82,0,977.9047815160644,Active-Guardian: Market is in Green Zone. 1% risk enforced. Bullish MACD crossover and RSI below 70 detected. Decisive entry with tight protection. | TYPE A Phase 1 | Fees: $0.13,MACD_crossover;RSI_below_70;EMA_alignment,indicator_crossover;trend_strength,trend_following;mean_reversion
2023-04-17T00:00:00+00:00,GOLD,CLOSE,long,0.2344978165938867,2000.0,0,0,5.0,0,-11.000901098253276,1062.8510070553657,"Stop loss hit | TYPE A Phase 1 | Closed 0.2345, Remaining 0.0000 | Gross: $-10.74 | Fees: $0.26",,,
2023-04-17T00:00:00+00:00,GOLD,ENTRY,long,0.2233193277310929,1997.6,2060.0,1950.0,5.0,0.82,0,973.5077910007437,Active-Guardian: Market is in Green Zone. 1% risk enforced. Bullish MACD crossover and RSI at 56.72 detected. Decisive entry with tight protection. | TYPE A Phase 1 | Fees: $0.12,MACD_crossover;RSI_bullish;EMA_alignment,indicator_crossover;trend_following,trend_following;mean_reversion
2023-04-24T00:00:00+00:00,GOLD,CLOSE,long,0.2233193277310929,1990.6,0,0,5.0,0,-1.808161883403365,1060.9201669324666,"Active-Guardian: Closing the current long position due to unfavorable market conditions and unrealized loss. Current price 1990.6 is below entry price 1997.6. Unrealized PnL is -1.56. Closing the position to limit further losses. | TYPE A Phase 1 | Closed 0.2233, Remaining 0.0000 | Gross: $-1.56 | Fees: $0.24",,unrealized_loss,risk_management
2023-05-02T00:00:00+00:00,GOLD,ENTRY,long,0.45536480686695363,2023.3,2060.0,2000.0,5.0,0.82,0,876.3988757919083,Active-Guardian: Market is in Green Zone. 1% risk enforced. EMA20/50 alignment and RSI 59.39 detected. Decisive entry with tight protection. | TYPE A Phase 1 | Fees: $0.25,EMA_alignment;RSI_momentum,price_retest,trend_following;mean_reversion
2023-05-04T00:00:00+00:00,GOLD,CLOSE,long,0.45536480686695363,2060.0,0,0,5.0,0,16.200555855150267,1076.86735439384,"Take profit hit | TYPE A Phase 1 | Closed 0.4554, Remaining 0.0000 | Gross: $16.71 | Fees: $0.51",,,
2023-05-04T00:00:00+00:00,GOLD,ENTRY,long,0.3131724338470497,2055.7,2123.19,2021.31,5.0,0.82,0,947.9325980845928,Active-Guardian: Market is in Green Zone. 1% risk enforced. EMA20/50 alignment and RSI below 70 detected. Decisive entry with tight protection. | TYPE A Phase 1 | Fees: $0.18,EMA_alignment;RSI_below_70,price_rejection,trend_following;mean_reversion
2023-05-08T00:00:00+00:00,GOLD,CLOSE,long,0.3131724338470497,2033.2,0,0,5.0,0,-7.398525721866777,1069.291786814602,"Active-Guardian: Current price 2033.2 is below entry price 2055.7. Unrealized PnL is -7.05. Closing the position to limit further losses. | TYPE A Phase 1 | Closed 0.3132, Remaining 0.0000 | Gross: $-7.05 | Fees: $0.35",,,risk_management
2023-05-11T00:00:00+00:00,GOLD,ENTRY,long,0.2639506172839506,2020.5,2060.0,1980.0,5.0,0.82,0,962.4826815090463,Active-Guardian: Market is in Green Zone. 1% risk enforced. EMA20/50 alignment and RSI54.74 detected. Decisive entry with tight protection. | TYPE A Phase 1 | Fees: $0.15,EMA_alignment;RSI_momentum,indicator_crossover;trend_reversal,trend_following;mean_reversion
2023-05-16T00:00:00+00:00,GOLD,CLOSE,long,0.2639506172839506,1993.0,0,0,5.0,0,-7.549967570987653,1061.595158382503,"Active-Guardian: Current price 1993.0 is below entry price 2020.5. Unrealized PnL is -7.26. Closing the position to limit further losses. | TYPE A Phase 1 | Closed 0.2640, Remaining 0.0000 | Gross: $-7.26 | Fees: $0.29",,,risk_management
2023-05-22T00:00:00+00:00,GOLD,ENTRY,long,0.39044117647058757,1977.2,2025.0,1950.0,5.0,0.82,0,906.9868049780916,Active-Guardian: Market is in Green Zone. 1% risk enforced. EMA20/50 alignment and RSI bouncing from 45.80 detected. Decisive entry with tight protection. | TYPE A Phase 1 | Fees: $0.21,EMA_alignment;RSI_bounce,indicator_crossover,trend_following;mean_reversion
2023-05-23T00:00:00+00:00,GOLD,CLOSE,long,0.39044117647058757,1974.5,0,0,5.0,0,-1.47849043566178,1059.904373365959,"Active-Guardian: Current price 1974.5 is below entry price 1977.2. Unrealized PnL is -1.05. Closing the position to limit further losses. | TYPE A Phase 1 | Closed 0.3904, Remaining 0.0000 | Gross: $-1.05 | Fees: $0.42",,,risk_management
2023-05-25T00:00:00+00:00,GOLD,ENTRY,long,0.44725738396624387,1943.7,1970.0,1920.0,5.0,0.8,0,885.7984710241872,Active-Guardian: Market is in Green Zone. 1% risk enforced. EMA20/50 alignment and RSI below 50 detected. Decisive entry with tight protection. | TYPE A Phase 1 | Fees: $0.24,EMA_alignment;RSI_oversold,indicator_crossover,trend_following;mean_reversion
2023-05-30T00:00:00+00:00,GOLD,CLOSE,long,0.44725738396624387,1970.0,0,0,5.0,0,11.281500611814304,1070.946807079039,"Take profit hit | TYPE A Phase 1 | Closed 0.4473, Remaining 0.0000 | Gross: $11.76 | Fees: $0.48",,,
2023-05-30T00:00:00+00:00,GOLD,ENTRY,long,0.3811387900355884,1968.1,2020.0,1940.0,5.0,0.82,0,920.7166737507466,Active-Guardian: Market is in Green Zone. 1% risk enforced. EMA20/50 alignment and RSI bouncing from 45.55 detected. Decisive entry with tight protection. | TYPE A Phase 1 | Fees: $0.21,EMA_alignment;RSI_bounce;Volatility_stable,indicator_crossover;support_bounce,trend_following;mean_reversion
2023-06-05T00:00:00+00:00,GOLD,CLOSE,long,0.3811387900355884,1965.7,0,0,5.0,0,-1.3270471334519096,1069.413477151103,"Active-Guardian: Current price 1965.7 is below entry price 1968.1. Unrealized PnL is -0.91. Closing the position to limit further losses. | TYPE A Phase 1 | Closed 0.3811, Remaining 0.0000 | Gross: $-0.91 | Fees: $0.41",,unrealized_loss,risk_management
2023-06-07T00:00:00+00:00,GOLD,ENTRY,long,0.7222972972972884,1949.9,1974.9,1935.1,5.0,0.82,0,787.3446650886065,Active-Guardian: Market is in Green Zone. 1% risk enforced. EMA20/50 alignment and RSI below 50 detected. Decisive entry with tight protection. | TYPE A Phase 1 | Fees: $0.39,EMA_alignment;RSI_undersold,indicator_crossover,trend_following;mean_reversion
2023-06-08T00:00:00+00:00,GOLD,CLOSE,long,0.7222972972972884,1974.9,0,0,5.0,0,17.277842513513303,1086.3040076021164,"Take profit hit | TYPE A Phase 1 | Closed 0.7223, Remaining 0.0000 | Gross: $18.06 | Fees: $0.78",,,
2023-06-08T00:00:00+00:00,GOLD,ENTRY,long,0.5457286432160778,1969.9,2010.0,1950.0,5.0,0.82,0,871.0022032629214,Active-Guardian: Market is in Green Zone. EMA20 and EMA50 alignment with RSI at 47.44 suggests potential for mean reversion. Recent price action indicates support around 1969.90. Entry with tight stop loss to manage risk. | TYPE A Phase 1 | Fees: $0.30,EMA_alignment;RSI_mean_reversion;support_bounce,indicator_alignment;price_support,mean_reversion;trend_following
2023-06-12T00:00:00+00:00,GOLD,CLOSE,long,0.5457286432160778,1960.9,0,0,5.0,0,-5.501474080401985,1080.5069000367898,"Active-Guardian: Current price 1960.9 is below entry price 1969.9. Unrealized PnL is -4.91. Closing the position to limit further losses. | TYPE A Phase 1 | Closed 0.5457, Remaining 0.0000 | Gross: $-4.91 | Fees: $0.59",,stop_loss,risk_management
2023-06-20T00:00:00+00:00,GOLD,ENTRY,long,0.5719576719576692,1938.9,1975.0,1920.0,5.0,0.82,0,858.4081876042512,Active-Guardian: Market is in Green Zone. EMA20 and EMA50 alignment with price rejection at 1969.9 suggests potential long entry. RSI14 at 41.18 indicates room for upside. MACD bearish crossover may be reversing. Volatility Ratio at 0.91 supports high frequency trading. | TYPE A Phase 1 | Fees: $0.30,EMA_alignment;RSI_room;Volatility_ratio,price_rejection;MACD_crossover,trend_following;mean_reversion
2023-06-21T00:00:00+00:00,GOLD,CLOSE,long,0.5719576719576692,1936.1,0,0,5.0,0,-2.210973875661469,1077.9909597603348,"Active-Guardian: Closing the current long position due to unfavorable market conditions and unrealized loss. Current price 1936.1 is below entry price 1938.9. Unrealized PnL is -1.60. Closing the position to limit further losses. | TYPE A Phase 1 | Closed 0.5720, Remaining 0.0000 | Gross: $-1.60 | Fees: $0.61",,,
2023-07-10T00:00:00+00:00,GOLD,ENTRY,long,0.98,1931.0,1965.0,1920.0,5.0,0.8,0,698.9945552603349,Active-Guardian: Market is in Green Zone. 1% risk enforced. EMA20/50 alignment and RSI below 50 detected. Decisive entry with tight protection. | TYPE A Phase 1 | Fees: $0.52,EMA_alignment;RSI_undersold,indicator_crossover,trend_following;mean_reversion
2023-07-12T00:00:00+00:00,GOLD,CLOSE,long,0.98,1965.0,0,0,5.0,0,32.270028,1109.740583260335,"Take profit hit | TYPE A Phase 1 | Closed 0.9800, Remaining 0.0000 | Gross: $33.32 | Fees: $1.05",,,
2023-07-12T00:00:00+00:00,GOLD,ENTRY,long,0.5115207373271878,1961.7,2000.0,1940.0,5.0,0.8,0,908.774588364022,Active-Guardian: Market is in Active mode. 1% risk enforced. EMA20/50 alignment and MACD crossover detected. Decisive entry with tight protection. | TYPE A Phase 1 | Fees: $0.28,EMA_alignment;MACD_crossover,indicator_crossover,trend_following
2023-07-17T00:00:00+00:00,GOLD,CLOSE,long,0.5115207373271878,1956.4,0,0,5.0,0,-3.2622119930875275,1106.2024224538832,"Active-Guardian: Closing the current long position due to unfavorable market conditions and unrealized loss. Current price 1956.4 is below entry price 1961.7. Unrealized PnL is -2.71. Closing the position to limit further losses. | TYPE A Phase 1 | Closed 0.5115, Remaining 0.0000 | Gross: $-2.71 | Fees: $0.55",,unrealized_loss,risk_management
2023-07-27T00:00:00+00:00,GOLD,ENTRY,long,1.0336448598130799,1945.7,1975.0,1935.0,5.0,0.82,0,703.4167919351933,Active-Guardian: Market is in Green Zone. 1% risk enforced. Bullish MACD crossover and RSI at 46.50 detected. Decisive entry with tight protection. | TYPE A Phase 1 | Fees: $0.55,MACD_crossover;RSI_midline,indicator_crossover,trend_following;mean_reversion
2023-07-31T00:00:00+00:00,GOLD,CLOSE,long,1.0336448598130799,1975.0,0,0,5.0,0,29.17132625700918,1134.8206789398644,"Take profit hit | TYPE A Phase 1 | Closed 1.0336, Remaining 0.0000 | Gross: $30.29 | Fees: $1.11",,,
2023-07-31T00:00:00+00:00,GOLD,ENTRY,long,0.5785714285714313,1979.6,2010.0,1960.0,5.0,0.82,0,905.4377104398633,Active-Guardian: Market is in Green Zone. 1% risk enforced. Bullish MACD crossover and RSI at 56.66 detected. Decisive entry with tight protection. | TYPE A Phase 1 | Fees: $0.31,MACD_crossover;RSI_bullish;EMA_alignment,indicator_crossover;trend_alignment,trend_following;mean_reversion
2023-08-01T00:00:00+00:00,GOLD,CLOSE,long,0.5785714285714313,1960.0,0,0,5.0,0,-11.966818500000002,1122.5388919398642,"Stop loss hit | TYPE A Phase 1 | Closed 0.5786, Remaining 0.0000 | Gross: $-11.34 | Fees: $0.63",,,
2023-08-01T00:00:00+00:00,GOLD,ENTRY,long,1.1577319587628812,1949.7,1985.0,1940.0,5.0,0.82,0,670.4721536898663,Active-Guardian: Market is in Green Zone. 1% risk enforced. EMA20/50 alignment and MACD bullish crossover detected. Decisive entry with tight protection. | TYPE A Phase 1 | Fees: $0.62,EMA_alignment;MACD_crossover;RSI_mean_reversion,indicator_crossover;trend_following,trend_following;mean_reversion
2023-08-02T00:00:00+00:00,GOLD,CLOSE,long,1.1577319587628812,1946.0,0,0,5.0,0,-5.523906755154666,1116.3942469347096,"Active-Guardian: Closing current long position due to unfavorable market conditions and unrealized loss. Current price 1946.0 is below entry price 1949.7. Unrealized PnL is -4.28. Closing the position to limit further losses. | TYPE A Phase 1 | Closed 1.1577, Remaining 0.0000 | Gross: $-4.28 | Fees: $1.24",,unrealized_loss,risk_management
2023-08-16T00:00:00+00:00,GOLD,ENTRY,long,0.44285714285714206,1900.2,1925.0,1875.0,5.0,0.8,0,947.8594011489956,Active-Guardian: Market is in Green Zone. 1% risk enforced. EMA20/50 rejection and RSI34=34.76 detected. Decisive entry with tight protection. | TYPE A Phase 1 | Fees: $0.23,EMA_rejection;RSI_oversold,indicator_crossover,trend_following;mean_reversion
2023-08-17T00:00:00+00:00,GOLD,CLOSE,long,0.44285714285714206,1887.2,0,0,5.0,0,-6.21839407142856,1109.9444356489953,"Active-Guardian: Current price 1887.2 is below entry price 1900.2. Unrealized PnL is -5.76. Closing the position to limit further losses. | TYPE A Phase 1 | Closed 0.4429, Remaining 0.0000 | Gross: $-5.76 | Fees: $0.46",,unfavorable_market_conditions,risk_management
2023-08-29T00:00:00+00:00,GOLD,ENTRY,long,0.5140186915887829,1936.4,1975.0,1915.0,5.0,0.8,0,910.6015566770335,Active-Guardian: Market is in Active mode. 1% risk enforced. EMA20/50 alignment and RSI 52.90 indicate a potential long entry. MACD crossover is bullish. | TYPE A Phase 1 | Fees: $0.27,EMA_alignment;RSI_momentum;MACD_crossover,indicator_crossover;trend_reversal,trend_following;mean_reversion
2023-09-05T00:00:00+00:00,GOLD,CLOSE,long,0.5140186915887829,1934.3,0,0,5.0,0,-1.6265825934580072,1108.0441329620794,"Active-Guardian: Current price 1934.3 is below entry price 1936.4. Unrealized PnL is -1.08. Closing the position to limit further losses. | TYPE A Phase 1 | Closed 0.5140, Remaining 0.0000 | Gross: $-1.08 | Fees: $0.55",,,risk_management
2023-09-18T00:00:00+00:00,GOLD,ENTRY,long,0.5485148514851473,1935.2,1975.0,1915.0,5.0,0.82,0,895.4550362096046,Active-Guardian: Market is in Active mode. 1% risk enforced. EMA20/50 alignment and MACD crossover detected. Decisive entry with tight protection. | TYPE A Phase 1 | Fees: $0.29,EMA_alignment;MACD_crossover,indicator_crossover,trend_following
2023-09-21T00:00:00+00:00,GOLD,CLOSE,long,0.5485148514851473,1915.0,0,0,5.0,0,-11.660770267326733,1096.0914540610893,"Stop loss hit | TYPE A Phase 1 | Closed 0.5485, Remaining 0.0000 | Gross: $-11.08 | Fees: $0.58",,,
2023-09-21T00:00:00+00:00,GOLD,ENTRY,long,0.5169811320754706,1921.2,1950.0,1900.0,5.0,0.82,0,897.1734872309011,Active-Guardian: Market is in Green Zone. 1% risk enforced. EMA20/50 alignment and RSI 46.79 suggest potential for mean reversion. MACD crossover is bullish. | TYPE A Phase 1 | Fees: $0.27,EMA_alignment;RSI_mean_reversion;MACD_crossover,indicator_crossover;support_bounce,trend_following;mean_reversion
2023-09-25T00:00:00+00:00,GOLD,CLOSE,long,0.5169811320754706,1918.2,0,0,5.0,0,-2.0967901698113165,1093.7215272497685,"Active-Guardian: Current price 1918.2 is below entry price 1921.2. Unrealized PnL is -1.55. Closing the position to limit further losses. | TYPE A Phase 1 | Closed 0.5170, Remaining 0.0000 | Gross: $-1.55 | Fees: $0.55",,unrealized_loss,risk_management
2023-09-26T00:00:00+00:00,GOLD,ENTRY,long,0.6590361445783168,1901.6,1915.0,1885.0,5.0,0.8,0,842.7322643822973,Active-Guardian: Market is in Green Zone. 1% risk enforced. EMA20/50 alignment and RSI below 50 detected. Decisive entry with tight protection. | TYPE A Phase 1 | Fees: $0.34,EMA_alignment;RSI_undersold,indicator_crossover,trend_following;mean_reversion
2023-09-27T00:00:00+00:00,GOLD,CLOSE,long,0.6590361445783168,1885.0,0,0,5.0,0,-11.62626422289157,1081.7506266654311,"Stop loss hit | TYPE A Phase 1 | Closed 0.6590, Remaining 0.0000 | Gross: $-10.94 | Fees: $0.69",,,
2023-09-28T00:00:00+00:00,GOLD,ENTRY,long,0.5548717948717948,1869.5,1900.0,1850.0,5.0,0.8,0,873.998796037226,Active-Guardian: Market is in Green Zone. 1% risk enforced. EMA20/50 rejection and RSI oversold detected. Decisive entry with tight protection. | TYPE A Phase 1 | Fees: $0.29,EMA_rejection;RSI_oversold,indicator_crossover;support_bounce,trend_following;mean_reversion
2023-10-02T00:00:00+00:00,GOLD,CLOSE,long,0.5548717948717948,1850.0,0,0,5.0,0,-11.38755755128205,1070.0778025885081,"Stop loss hit | TYPE A Phase 1 | Closed 0.5549, Remaining 0.0000 | Gross: $-10.82 | Fees: $0.57",,,
2023-10-05T00:00:00+00:00,GOLD,ENTRY,short,0.39925373134328423,1823.2,1790.0,1850.0,5.0,0.8,0,924.293744155672,Active-Guardian: Market is in ACTIVE (Green Zone) mode. 1% risk enforced. EMA20 and EMA50 alignment suggests bearish trend. RSI14=24.22 indicates oversold conditions. MACD=-25.466 shows bearish momentum. Entry with tight protection. | TYPE A Phase 1 | Fees: $0.20,EMA_alignment;RSI_oversold;MACD_bearish,indicator_crossover;trend_following,trend_following;mean_reversion
2023-10-09T00:00:00+00:00,GOLD,CLOSE,short,0.39925373134328423,1850.0,0,0,5.0,0,-11.103298171641791,1058.7743265810454,"Stop loss hit | TYPE A Phase 1 | Closed 0.3993, Remaining 0.0000 | Gross: $-10.70 | Fees: $0.40",,,
2023-10-09T00:00:00+00:00,GOLD,ENTRY,long,0.2966386554621845,1855.7,1900.0,1820.0,5.0,0.8,0,948.5284760957514,Active-Guardian: Market is in Green Zone. 1% risk enforced. EMA20/50 alignment and RSI oversold detected. Decisive entry with tight protection. | TYPE A Phase 1 | Fees: $0.15,EMA_alignment;RSI_oversold,indicator_crossover,trend_following;mean_reversion
2023-10-16T00:00:00+00:00,GOLD,CLOSE,long,0.2966386554621845,1900.0,0,0,5.0,0,12.834718842436944,1071.4576655264236,"Take profit hit | TYPE A Phase 1 | Closed 0.2966, Remaining 0.0000 | Gross: $13.14 | Fees: $0.31",,,
2023-10-16T00:00:00+00:00,GOLD,ENTRY,long,0.42669322709163504,1925.1,1975.0,1900.0,5.0,0.82,0,906.9463467704469,Active-Guardian: Market is in Green Zone. 1% risk enforced. Bullish MACD crossover and RSI at 58.81 detected. Decisive entry with tight protection. | TYPE A Phase 1 | Fees: $0.23,MACD_crossover;RSI_bullish,indicator_crossover,trend_following
2023-10-19T00:00:00+00:00,GOLD,CLOSE,long,0.42669322709163504,1975.0,0,0,5.0,0,20.834351811753105,1092.0661248770214,"Take profit hit | TYPE A Phase 1 | Closed 0.4267, Remaining 0.0000 | Gross: $21.29 | Fees: $0.46",,,
2023-10-19T00:00:00+00:00,GOLD,ENTRY,long,0.5150943396226404,1971.2,2000.0,1950.0,5.0,0.8,0,888.716110084569,Active-Guardian: Market is in Green Zone. 1% risk enforced. Bullish MACD crossover and RSI above 50 detected. Decisive entry with tight protection. | TYPE A Phase 1 | Fees: $0.28,MACD_crossover;RSI_above_50;EMA_alignment,indicator_crossover;trend_strength,trend_following;mean_reversion
2023-10-30T00:00:00+00:00,GOLD,CLOSE,long,0.5150943396226404,2000.0,0,0,5.0,0,14.272192754716928,1106.0590952921157,"Take profit hit | TYPE A Phase 1 | Closed 0.5151, Remaining 0.0000 | Gross: $14.83 | Fees: $0.56",,,
2023-10-30T00:00:00+00:00,GOLD,ENTRY,long,0.43203125000000153,2005.6,2030.0,1980.0,5.0,0.8,0,932.52443777649,Active-Guardian: Market is in Green Zone. 1% risk enforced. Bullish MACD crossover and RSI=73.11 indicate a strong uptrend. EMA20 and EMA50 alignment supports the long position. | TYPE A Phase 1 | Fees: $0.24,MACD_crossover;RSI_bullish;EMA_alignment,indicator_crossover;trend_strength,trend_following;momentum
2023-10-31T00:00:00+00:00,GOLD,CLOSE,long,0.43203125000000153,1994.3,0,0,5.0,0,-5.357175619140624,1100.46363715735,"Active-Guardian: Current price 1994.3 is below entry price 2005.6. Unrealized PnL is -4.88. Closing the position to limit further losses. | TYPE A Phase 1 | Closed 0.4320, Remaining 0.0000 | Gross: $-4.88 | Fees: $0.48",,stop_loss,risk_management
2023-11-01T00:00:00+00:00,GOLD,ENTRY,long,0.4,1987.5,2020.0,1960.0,5.0,0.8,0,941.24501215735,Active-Guardian: Market is in Green Zone. 1% risk enforced. Bullish MACD crossover and RSI above 50 detected. Decisive entry with tight protection. | TYPE A Phase 1 | Fees: $0.22,MACD_crossover;RSI_above_50;Trend_strength,indicator_crossover;trend_following,trend_following;mean_reversion
2023-11-07T00:00:00+00:00,GOLD,CLOSE,long,0.4,1973.5,0,0,5.0,0,-6.035710000000001,1094.20930215735,"Active-Guardian: Current price 1973.5 is below entry price 1987.5. Unrealized PnL is -5.60. Closing the position to limit further losses. | TYPE A Phase 1 | Closed 0.4000, Remaining 0.0000 | Gross: $-5.60 | Fees: $0.44",,,risk_management
2023-11-13T00:00:00+00:00,GOLD,ENTRY,long,0.4341269841269833,1950.2,1975.0,1925.0,5.0,0.8,0,924.6495887962392,Active-Guardian: Market is in Green Zone. 1% risk enforced. EMA20/50 alignment and RSI50 crossing detected. Decisive entry with tight protection. | TYPE A Phase 1 | Fees: $0.23,EMA_alignment;RSI_crossing,support_bounce,trend_following;mean_reversion
2023-11-14T00:00:00+00:00,GOLD,CLOSE,long,0.4341269841269833,1975.0,0,0,5.0,0,10.297739515872978,1104.2742172010007,"Take profit hit | TYPE A Phase 1 | Closed 0.4341, Remaining 0.0000 | Gross: $10.77 | Fees: $0.47",,,
2023-11-14T00:00:00+00:00,GOLD,ENTRY,long,0.6690909090909091,1966.5,1985.0,1950.0,5.0,0.8,0,840.7589266555462,Active-Guardian: Market is in Green Zone. 1% risk enforced. EMA20/50 alignment and RSI54.71 suggest potential for long entry. | TYPE A Phase 1 | Fees: $0.36,EMA_alignment;RSI_momentum,support_bounce,trend_following;mean_reversion
2023-11-16T00:00:00+00:00,GOLD,CLOSE,long,0.6690909090909091,1985.0,0,0,5.0,0,11.651105818181817,1115.5634870191825,"Take profit hit | TYPE A Phase 1 | Closed 0.6691, Remaining 0.0000 | Gross: $12.38 | Fees: $0.73",,,
2023-11-16T00:00:00+00:00,GOLD,ENTRY,long,0.4087912087912095,1987.3,2025.0,1960.0,5.0,0.82,0,952.8619257114899,Active-Guardian: Market is in Green Zone. 1% risk enforced. EMA20/50 alignment and RSI below 60 detected. Decisive entry with tight protection. | TYPE A Phase 1 | Fees: $0.22,EMA_alignment;RSI_below_60,price_retest,trend_following;mean_reversion
2023-11-20T00:00:00+00:00,GOLD,CLOSE,long,0.4087912087912095,1980.3,0,0,5.0,0,-3.3075664615384675,1112.0325130961055,"Active-Guardian: Closing the current long position due to unfavorable market conditions and recent losses. Current price 1980.3 is below entry price 1987.3. Unrealized PnL is -2.86. Closing to limit further losses. | TYPE A Phase 1 | Closed 0.4088, Remaining 0.0000 | Gross: $-2.86 | Fees: $0.45",,,
2023-11-21T00:00:00+00:00,GOLD,ENTRY,long,0.514814814814817,2001.6,2050.0,1980.0,5.0,0.82,0,905.6584717627713,Active-Guardian: Market is in Green Zone. 1% risk enforced. EMA20/50 alignment and RSI=62.53 suggest a potential long entry with tight protection. | TYPE A Phase 1 | Fees: $0.28,EMA_alignment;RSI_momentum,indicator_crossover,trend_following;mean_reversion
2023-11-22T00:00:00+00:00,GOLD,CLOSE,long,0.514814814814817,1992.8,0,0,5.0,0,-5.09587385185185,1106.653264577587,"Active-Guardian: Closing current long position due to unfavorable market conditions. Current price 1992.8 is below entry price 2001.6. Unrealized PnL is -4.53. Closing to limit further losses. | TYPE A Phase 1 | Closed 0.5148, Remaining 0.0000 | Gross: $-4.53 | Fees: $0.57",,unfavorable_market_conditions,risk_management
2023-11-27T00:00:00+00:00,GOLD,ENTRY,long,0.34166666666666573,2012.4,2060.0,1980.0,5.0,0.82,0,968.9501828275874,"Active-Guardian: Market is in Green Zone. EMA20/50 alignment and MACD crossover suggest bullish momentum. Recent price action shows rejection of lower prices, indicating potential for upside. | TYPE A Phase 1 | Fees: $0.19",EMA_alignment;MACD_crossover;price_rejection,indicator_crossover;support_bounce,trend_following;mean_reversion
2023-11-29T00:00:00+00:00,GOLD,CLOSE,long,0.34166666666666573,2060.0,0,0,5.0,0,15.880697416666592,1122.3448802442535,"Take profit hit | TYPE A Phase 1 | Closed 0.3417, Remaining 0.0000 | Gross: $16.26 | Fees: $0.38",,,
2023-11-29T00:00:00+00:00,GOLD,ENTRY,long,0.2992,2057.5,2120.0,2020.0,5.0,0.8,0,999.0547891442535,Active-Guardian: Market is in Active mode. 1% risk enforced. EMA20/50 rejection and RSI=71.51 detected. Decisive entry with tight protection. | TYPE A Phase 1 | Fees: $0.17,EMA_rejection;RSI_bullish,indicator_crossover,trend_following
2023-11-30T00:00:00+00:00,GOLD,CLOSE,long,0.2992,2047.6,0,0,5.0,0,-3.2998476280000273,1118.8757415162536,"Active-Guardian: Current price 2047.6 is below entry price 2057.5. Unrealized PnL is -2.96. Closing the position to limit further losses. | TYPE A Phase 1 | Closed 0.2992, Remaining 0.0000 | Gross: $-2.96 | Fees: $0.34",,stop_loss,risk_management
2023-12-11T00:00:00+00:00,GOLD,ENTRY,long,0.4604938271604947,1984.3,2020.0,1960.0,5.0,0.8,0,935.8728778465002,Active-Guardian: Market is in Green Zone. 1% risk enforced. EMA20/50 alignment and RSI below 50 detected. Decisive entry with tight protection. | TYPE A Phase 1 | Fees: $0.25,EMA_alignment;RSI_below_50,indicator_crossover,trend_following;mean_reversion
2023-12-12T00:00:00+00:00,GOLD,CLOSE,long,0.4604938271604947,1983.9,0,0,5.0,0,-0.6867137222221608,1117.937744371192,"Active-Guardian: Closing current long position due to unfavorable market conditions. Current price 1983.9 is below entry price 1984.3. Unrealized PnL is -0.18. Closing to limit further losses. | TYPE A Phase 1 | Closed 0.4605, Remaining 0.0000 | Gross: $-0.18 | Fees: $0.50",,unfavorable_market_conditions,risk_management
2023-12-14T00:00:00+00:00,GOLD,ENTRY,long,0.44365079365079285,2035.2,2065.0,2010.0,5.0,0.8,0,937.1058228473827,Active-Guardian: Market is in Green Zone. 1% risk enforced. EMA20/50 alignment and RSI 59.33 indicate potential for long entry. | TYPE A Phase 1 | Fees: $0.25,EMA_alignment;RSI_momentum,indicator_crossover,trend_following;mean_reversion
2023-12-26T00:00:00+00:00,GOLD,CLOSE,long,0.44365079365079285,2065.0,0,0,5.0,0,12.720552980158686,1130.40999487516,"Take profit hit | TYPE A Phase 1 | Closed 0.4437, Remaining 0.0000 | Gross: $13.22 | Fees: $0.50",,,
2023-12-26T00:00:00+00:00,GOLD,ENTRY,long,0.27970297029702906,2060.4,2120.0,2020.0,5.0,0.82,0,1014.9915123751603,Active-Guardian: Market is in Green Zone. 1% risk enforced. Bullish MACD crossover and RSI at 63.78 detected. Decisive entry with tight protection. | TYPE A Phase 1 | Fees: $0.16,MACD_crossover;RSI_bullish;EMA_alignment,indicator_crossover;trend_strength,trend_following;mean_reversion
2023-12-28T00:00:00+00:00,GOLD,CLOSE,long,0.27970297029702906,2083.5,0,0,5.0,0,6.142396800742534,1136.3939091759025,"End of backtest force-close | TYPE A Phase 1 | Closed 0.2797, Remaining 0.0000 | Gross: $6.46 | Fees: $0.32",,,
