timestamp,coin,signal,reasoning,confidence,confluence_tags,trigger_tags,reasoning_categories
2020-01-02T00:00:00+00:00,GOLD,reject,No clear entry signal due to lack of confluence factors and neutral market indicators.,0.0,,,
2020-01-06T00:00:00+00:00,GOLD,entry,Active-Guardian: Market is in Green Zone. 1% risk enforced. Bullish MACD crossover and EMA alignment detected. Decisive entry with tight protection.,0.75,MACD_crossover;EMA_alignment,indicator_crossover,trend_following
2020-01-07T00:00:00+00:00,GOLD,hold,Active-Guardian: Market is in Green Zone. Holding long position with tight protection. EMA alignment and MACD crossover support the trend.,0.75,EMA_alignment;MACD_crossover,trend_following,trend_following
2020-01-08T00:00:00+00:00,GOLD,entry,Active-Guardian: Market is in Green Zone. 1% risk enforced. Bullish MACD crossover and EMA alignment detected. Decisive entry with tight protection.,0.85,EMA_crossover;MACD_bullish;RSI_momentum,indicator_crossover;trend_alignment,trend_following;momentum_trading
2020-01-09T00:00:00+00:00,GOLD,hold,"Active-Guardian: Market is in Green Zone. Holding long position with tight protection. Trend Strength Score is 0.73, indicating a moderate trend. MACD crossover is bullish, and RSI is at 48.48, suggesting potential for further upside.",0.85,MACD_crossover;Trend_Strength,indicator_crossover,trend_following
2020-01-10T00:00:00+00:00,GOLD,hold,Active-Guardian: Market is in Active mode. 1% risk enforced. Bullish MACD crossover and EMA alignment detected. Holding long position with tight protection.,0.85,EMA_alignment;MACD_crossover;bullish_trend,indicator_crossover,trend_following
2020-01-13T00:00:00+00:00,GOLD,close,Active-Guardian: Market is in Green Zone. Current price 1550.6 is below entry price 1560.2. Closing to limit losses and re-evaluate.,0.85,EMA_alignment;RSI_momentum,price_rejection,trend_following;mean_reversion
2020-01-27T00:00:00+00:00,GOLD,entry,"Active-Guardian: Market is in Green Zone. Bullish MACD crossover, RSI=66.78, and EMA alignment support long entry.",0.8,MACD_crossover;RSI_bullish;EMA_alignment,indicator_crossover;trend_following,trend_following;mean_reversion
2020-01-28T00:00:00+00:00,GOLD,close,Active-Guardian: Market is in Green Zone. Current price 1569.8 is below entry price 1577.4. Closing to limit losses and re-evaluate.,0.8,EMA_alignment;RSI_bullish;MACD_crossover,indicator_crossover;support_bounce,trend_following;mean_reversion
2020-01-30T00:00:00+00:00,GOLD,entry,Active-Guardian: Market is in Green Zone. Bullish MACD crossover and RSI=68.39 indicate strong trend. EMA alignment supports long entry.,0.82,MACD_crossover;RSI_bullish;EMA_alignment,indicator_crossover;trend_strength,trend_following;momentum
2020-01-31T00:00:00+00:00,GOLD,hold,Active-Guardian: Market is in Green Zone. Holding current long position with tight stop loss due to bullish MACD crossover and EMA alignment.,0.82,EMA_alignment;MACD_crossover;RSI_bullish,indicator_crossover,trend_following
2020-02-03T00:00:00+00:00,GOLD,close,Active-Guardian: Market is in Green Zone. Current price 1579.5 is below entry price 1586.5. Closing to limit losses and re-evaluate.,0.82,EMA_alignment;RSI_momentum,price_rejection,trend_following;mean_reversion
2020-02-04T00:00:00+00:00,GOLD,entry,"Active-Guardian: Market is in Green Zone. Bullish MACD crossover and EMA alignment. RSI is 43.33, indicating potential for upside.",0.8,MACD_crossover;EMA_alignment;RSI_bullish,indicator_crossover;trend_alignment,trend_following;mean_reversion
2020-02-05T00:00:00+00:00,GOLD,hold,Active-Guardian: Market is in Green Zone. Current price 1560.1 is above entry price 1552.7. Holding to target profit.,0.8,EMA_alignment;RSI_momentum;price_above_ema50,price_breakout;ema_crossover,trend_following;mean_reversion
2020-02-06T00:00:00+00:00,GOLD,hold,"Active-Guardian: Market is in Green Zone. Holding current long position with tight protection. EMA20 and EMA50 alignment, RSI at 51.93, and MACD crossover detected.",0.8,,,
2020-02-07T00:00:00+00:00,GOLD,hold,"Active-Guardian: Market is in Green Zone. Holding long position with tight protection. EMA20 and EMA50 alignment, RSI above 50, and MACD histogram momentum shift support the hold decision.",0.8,EMA_alignment;RSI_above_50;MACD_momentum_shift,indicator_alignment;trend_following,trend_following;mean_reversion
2020-02-10T00:00:00+00:00,GOLD,hold,Active-Guardian: Market is in Green Zone. Holding long position with tight protection. EMA alignment and RSI level support the current trend.,0.8,EMA_alignment;RSI_level,trend_following,trend_following
2020-02-11T00:00:00+00:00,GOLD,hold,"Active-Guardian: Market is in Green Zone. Holding current long position with tight stop loss. EMA20 and EMA50 alignment, RSI within range, and MACD histogram momentum shift support the hold decision.",0.8,EMA_alignment;RSI_range;MACD_momentum,trend_following,trend_following
2020-02-12T00:00:00+00:00,GOLD,hold,Active-Guardian: Market is in Green Zone. Holding current long position with tight stop loss. EMA alignment and RSI level support the hold decision.,0.8,EMA_alignment;RSI_level,trend_following,trend_following
2020-02-13T00:00:00+00:00,GOLD,hold,Active-Guardian: Market is in Green Zone. Holding long position with tight stop loss due to recent price movement and EMA alignment.,0.8,EMA_alignment;RSI_momentum;price_support,price_breakout;indicator_crossover,trend_following;mean_reversion
2020-02-17T00:00:00+00:00,GOLD,entry,"Active-Guardian: Market is in Green Zone. Bullish MACD crossover, RSI=67.52, and price above EMA20=1572.822. Entry with tight protection.",0.82,MACD_crossover;RSI_above_50;EMA_alignment,indicator_crossover;trend_continuation,trend_following;momentum_trading
2020-02-18T00:00:00+00:00,GOLD,entry,Active-Guardian: Market is in Green Zone. Bullish MACD crossover and RSI above 50. EMA20 and EMA50 alignment supports long entry.,0.8,MACD_crossover;RSI_above_50;EMA_alignment,indicator_crossover;trend_alignment,trend_following;mean_reversion
2020-02-19T00:00:00+00:00,GOLD,hold,Active-Guardian: Market is in Green Zone. Current price 1608.8 is above entry price 1601.0. Holding to target profit.,0.8,EMA_alignment;RSI_bullish;MACD_crossover,price_breakout;trend_following,trend_following;mean_reversion
2020-02-20T00:00:00+00:00,GOLD,entry,Active-Guardian: Market is in Green Zone. Bullish MACD crossover and RSI above 50 indicate upward momentum. EMA20 and EMA50 alignment supports long entry.,0.8,MACD_crossover;RSI_above_50;EMA_alignment,indicator_crossover;trend_continuation,trend_following;momentum_trading
2020-02-21T00:00:00+00:00,GOLD,hold,"Active-Guardian: Market is in Green Zone. Holding long position with tight stop loss. Trend strength score is 1.76, indicating a strong uptrend. RSI is at 77.76, which is overbought, but MACD crossover is bullish.",0.8,EMA_alignment;MACD_crossover;Trend_strength,indicator_crossover;trend_following,trend_following;momentum_trading
2020-02-24T00:00:00+00:00,GOLD,entry,"Active-Guardian: Market is in Green Zone. Bullish MACD crossover, RSI above 50, and price above EMA20. Entry with tight protection.",0.8,MACD_crossover;RSI_above_50;EMA_alignment,indicator_crossover;trend_continuation,trend_following;mean_reversion
2020-02-25T00:00:00+00:00,GOLD,entry,Active-Guardian: Market is in Green Zone. Bullish MACD crossover and RSI above 50. EMA20 and EMA50 alignment supports long entry.,0.82,MACD_crossover;RSI_above_50;EMA_alignment,indicator_crossover;trend_alignment,trend_following;mean_reversion
2020-02-26T00:00:00+00:00,GOLD,hold,Active-Guardian: Market is in Green Zone. Current price 1640.4 is above entry price 1647.0. Holding to target profit.,0.82,EMA_alignment;MACD_bullish;Trend_strength,price_rejection;indicator_crossover,trend_following;mean_reversion
2020-02-27T00:00:00+00:00,GOLD,hold,"Active-Guardian: Market is in Green Zone. Holding long position with tight protection. EMA20 and EMA50 alignment, RSI above 50, and MACD crossover detected.",0.82,EMA_alignment;RSI_above_50;MACD_crossover,indicator_crossover;trend_strength,trend_following;mean_reversion
2020-03-02T00:00:00+00:00,GOLD,entry,"Active-Guardian: Market is in Green Zone. EMA20 and EMA50 alignment with RSI at 49.36 suggests potential for long entry. Recent price action shows rejection of lower prices, indicating strength.",0.8,EMA_alignment;RSI_momentum,price_rejection,trend_following;mean_reversion
2020-03-03T00:00:00+00:00,GOLD,entry,Active-Guardian: Market is in Green Zone. EMA20/50 alignment and RSI=59.17 suggest potential for long entry. Recent losses indicate need for cautious approach.,0.82,EMA_alignment;RSI_momentum,indicator_crossover,trend_following;mean_reversion
2020-03-04T00:00:00+00:00,GOLD,hold,"Active-Guardian: Market is in Green Zone. Current position is long with a profit target of 1700.0 and stop loss of 1580.0. Holding the position as the trend strength score is 0.64 and the RSI is 58.82, indicating a potential continuation of the uptrend.",0.82,EMA_alignment;RSI_bullish;MACD_crossover,trend_following,trend_following
2020-03-05T00:00:00+00:00,GOLD,hold,Active-Guardian: Market is in Green Zone. Current price 1668.0 is above entry price 1644.4. Holding to target profit.,0.82,EMA_alignment;MACD_bullish;RSI_above_50,price_breakout,trend_following
2020-03-06T00:00:00+00:00,GOLD,hold,Active-Guardian: Market is in Green Zone. Current price 1672.4 is above entry price 1644.4. Holding to target profit.,0.82,EMA_alignment;RSI_above_50;MACD_bullish,price_breakout;trend_strength,trend_following;momentum_trading
2020-03-10T00:00:00+00:00,GOLD,entry,Active-Guardian: Market is in Green Zone. Bullish MACD crossover and RSI above 50. EMA20 and EMA50 alignment supports long entry.,0.8,MACD_crossover;RSI_above_50;EMA_alignment,indicator_crossover;trend_alignment,trend_following;mean_reversion
2020-03-11T00:00:00+00:00,GOLD,close,Active-Guardian: Closing current long position due to current price 1642.3 being below entry price 1660.3. Re-evaluating market conditions for new entry.,0.8,EMA_alignment;RSI_momentum,price_rejection,trend_following;mean_reversion
2020-03-12T00:00:00+00:00,GOLD,entry,Active-Guardian: Market is in Green Zone. EMA20 and EMA50 alignment with RSI below 50 suggests potential for mean reversion. Recent price action indicates support around 1590.,0.8,EMA_alignment;RSI_oversold;support_bounce,indicator_crossover;support_bounce,mean_reversion;trend_following
2020-03-13T00:00:00+00:00,GOLD,entry,"Active-Guardian: Entering long position due to bullish RSI and MACD signals, with EMA alignment and volatility in the green zone. Recent price action shows potential for mean reversion.",0.8,RSI_oversold;MACD_bullish;EMA_alignment,indicator_crossover;support_bounce,mean_reversion;trend_following
2020-03-16T00:00:00+00:00,GOLD,entry,Active-Guardian: Market is in DEFENSIVE mode. 1% risk enforced. RSI14=30.41 and EMA20/50 alignment detected. Decisive entry with tight protection.,0.82,RSI_oversold;EMA_alignment,indicator_crossover,mean_reversion;trend_following
2020-03-17T00:00:00+00:00,GOLD,entry,Active-Guardian: Market is in DEFENSIVE mode. 1% risk enforced. EMA20/50 alignment and RSI oversold condition detected. Decisive entry with tight protection.,0.8,EMA_alignment;RSI_oversold,indicator_crossover,trend_following;mean_reversion
2020-03-18T00:00:00+00:00,GOLD,entry,Active-Guardian: Market is in DEFENSIVE mode. 1% risk enforced. EMA20/50 alignment and RSI oversold detected. Decisive entry with tight protection.,0.6,EMA_alignment;RSI_oversold,indicator_crossover,trend_following;mean_reversion
2020-03-19T00:00:00+00:00,GOLD,hold,"Active-Guardian: Holding current long position. Market is in Defensive (Yellow Zone) mode. Current price 1479.3 is above entry price 1477.9. Trend Strength Score is -0.66, indicating a potential reversal.",0.6,EMA_alignment;RSI_undersold;price_above_entry,trend_reversal;support_hold,trend_following;mean_reversion
2020-03-23T00:00:00+00:00,GOLD,entry,Active-Guardian: Market is in DEFENSIVE mode. 1% risk enforced. EMA20/50 alignment and RSI 49.08 suggest potential for mean reversion. Recent price action indicates support at 1565.224.,0.72,EMA_alignment;RSI_mean_reversion;support_bounce,indicator_crossover;support_bounce,mean_reversion;trend_following
2020-03-25T00:00:00+00:00,GOLD,entry,Active-Guardian: Market is in DEFENSIVE mode. 1% risk enforced. EMA20/50 alignment and MACD crossover detected. Decisive entry with tight protection.,0.82,EMA_alignment;MACD_crossover;RSI_momentum,indicator_crossover;trend_reversal,trend_following;mean_reversion
2020-03-26T00:00:00+00:00,GOLD,hold,Active-Guardian: Holding current long position. Market is in DEFENSIVE mode. EMA alignment and MACD crossover are bullish. Trend strength score is 0.89.,0.82,EMA_alignment;MACD_crossover;Trend_strength,indicator_crossover,trend_following
2020-03-27T00:00:00+00:00,GOLD,close,Active-Guardian: Current price 1625.0 is below entry price 1633.4. Re-evaluating market conditions for new entry.,0.82,,,trend_following
2020-03-31T00:00:00+00:00,GOLD,entry,Active-Guardian: Market is in DEFENSIVE mode. 1% risk enforced. EMA20/50 alignment and MACD crossover detected. Decisive entry with tight protection.,0.8,EMA_alignment;MACD_crossover,indicator_crossover,trend_following
2020-04-01T00:00:00+00:00,GOLD,close,Active-Guardian: Current price 1584.1 is below entry price 1589.3. Closing current long position due to unfavorable market conditions.,0.8,EMA_alignment;RSI_below_50;ATR_increase,price_rejection;support_bounce_failure;trend_weakening,trend_following;mean_reversion;risk_management
2020-04-02T00:00:00+00:00,GOLD,entry,Active-Guardian: Market is in DEFENSIVE mode. 1% risk enforced. Bullish MACD crossover and RSI at 54.46 detected. Decisive entry with tight protection.,0.82,MACD_crossover;RSI_momentum,indicator_crossover,trend_following;mean_reversion
2020-04-03T00:00:00+00:00,GOLD,hold,"Active-Guardian: Market is in Defensive mode. Current long position is being held as the price 1637.6 is above the entry price 1630.7. Trend strength score is 0.73, indicating a moderate trend. RSI is 55.26, which is not oversold. MACD crossover is bullish.",0.82,EMA_alignment;MACD_crossover;Trend_strength,price_above_entry,trend_following;mean_reversion
2020-04-06T00:00:00+00:00,GOLD,entry,Active-Guardian: Market is in DEFENSIVE mode. 1% risk enforced. Bullish MACD crossover and RSI above 50 detected. Decisive entry with tight protection.,0.82,MACD_crossover;RSI_above_50;EMA_alignment,indicator_crossover;trend_strength,trend_following;mean_reversion
2020-04-09T00:00:00+00:00,GOLD,entry,Active-Guardian: Market is in DEFENSIVE mode. 1% risk enforced. EMA20/50 alignment and MACD crossover detected. Decisive entry with tight protection.,0.82,EMA_alignment;MACD_crossover;RSI_bullish,indicator_crossover;trend_strength,trend_following;mean_reversion
2020-04-13T00:00:00+00:00,GOLD,hold,Active-Guardian: Market is in DEFENSIVE mode. Current long position is profitable. Holding with tight stop loss.,0.82,EMA_alignment;RSI_bullish;MACD_crossover,trend_following,trend_following
2020-04-14T00:00:00+00:00,GOLD,hold,Active-Guardian: Market is in Green Zone. Current price 1759.1 is above entry price 1739.9. Holding long position with tight protection.,0.82,EMA_alignment;RSI_bullish;MACD_crossover,price_breakout;indicator_crossover,trend_following;mean_reversion
2020-04-15T00:00:00+00:00,GOLD,hold,"Active-Guardian: Holding current long position. Market is in Green Zone. Trend Strength Score is 1.00, indicating a strong trend. EMA alignment and MACD crossover are bullish.",0.82,EMA_alignment;MACD_crossover;Trend_Strength,trend_following,trend_following
2020-04-16T00:00:00+00:00,GOLD,close,Active-Guardian: Current price 1722.7 is below recent high 1759.1. Closing current long position due to unfavorable market conditions.,0.82,EMA_alignment;RSI_below_70;Volatility_stable,stop_loss_hit;trend_weakness,trend_following;risk_management
2020-04-17T00:00:00+00:00,GOLD,entry,Active-Guardian: Market is in Green Zone. 1% risk enforced. EMA20/50 rejection and RSI bouncing from 50 detected. Decisive entry with tight protection.,0.82,EMA_rejection;RSI_bounce,indicator_crossover,trend_following;mean_reversion
2020-04-20T00:00:00+00:00,GOLD,hold,Active-Guardian: Market is in Green Zone. Current price 1703.4 is above entry price 1690.8. Holding long position with tight protection.,0.82,EMA_alignment;RSI_bullish;MACD_crossover,trend_following,trend_following
2020-04-21T00:00:00+00:00,GOLD,entry,Active-Guardian: Market is in Green Zone. 1% risk enforced. Bullish MACD crossover and RSI at 52.74 detected. Decisive entry with tight protection.,0.82,MACD_crossover;RSI_momentum,indicator_crossover,trend_following
2020-04-22T00:00:00+00:00,GOLD,entry,Active-Guardian: Market is in Green Zone. 1% risk enforced. Bullish MACD crossover and RSI below 60 detected. Decisive entry with tight protection.,0.82,MACD_crossover;RSI_below_60;EMA_alignment,indicator_crossover;trend_following,trend_following;mean_reversion
2020-04-23T00:00:00+00:00,GOLD,hold,Active-Guardian: Market is in Green Zone. Current long position has unrealized PnL of $0.81. Holding due to bullish MACD crossover and EMA alignment.,0.82,MACD_crossover;EMA_alignment,indicator_crossover,trend_following
2020-04-24T00:00:00+00:00,GOLD,hold,Active-Guardian: Market is in ACTIVE (Green Zone) mode. Current price 1724.2 is above entry price 1727.4. Holding long position with tight protection.,0.82,EMA_alignment;MACD_crossover;Trend_strength,indicator_crossover;trend_following,trend_following;mean_reversion
2020-04-27T00:00:00+00:00,GOLD,close,Active-Guardian: Current price 1712.6 is below entry price 1727.4. Closing current long position due to unfavorable market conditions.,0.82,,stop_loss,risk_management
2020-04-30T00:00:00+00:00,GOLD,entry,Active-Guardian: Market is in Green Zone. EMA20/50 alignment and RSI 52.21 suggest a potential long entry. Recent price action and Trend Strength Score support this decision.,0.82,EMA_alignment;RSI_momentum,price_retest,trend_following;mean_reversion
2020-05-06T00:00:00+00:00,GOLD,entry,Active-Guardian: Market is in Green Zone. 1% risk enforced. EMA20/50 alignment and RSI50 crossing detected. Decisive entry with tight protection.,0.8,EMA_alignment;RSI_crossing,indicator_crossover,trend_following;mean_reversion
2020-05-07T00:00:00+00:00,GOLD,entry,"Active-Guardian: Market is in Green Zone. EMA20/50 alignment, RSI=57.04, and MACD momentum shift detected. Decisive entry with tight protection.",0.82,EMA_alignment;RSI_momentum;MACD_crossover,indicator_crossover;trend_reversal,trend_following;mean_reversion
2020-05-08T00:00:00+00:00,GOLD,close,Active-Guardian: Current price 1713.9 is below entry price 1725.8. Closing current long position due to unfavorable market conditions.,0.82,EMA_alignment;RSI_momentum,price_rejection,trend_following;mean_reversion
2020-05-11T00:00:00+00:00,GOLD,entry,Active-Guardian: Market is in Green Zone. 1% risk enforced. EMA20/50 alignment and RSI 51.12 suggest a potential long entry with tight protection.,0.82,EMA_alignment;RSI_momentum,price_retest,trend_following;mean_reversion
2020-05-12T00:00:00+00:00,GOLD,hold,Active-Guardian: Market is in Green Zone. Current long position has unrealized PnL of $5.07. Holding due to favorable market conditions and proximity to profit target.,0.82,EMA_alignment;RSI_momentum,trend_following,trend_following
2020-05-13T00:00:00+00:00,GOLD,hold,Active-Guardian: Market is in Green Zone. Current long position is profitable with an unrealized PnL of $10.60. Holding the position with a profit target of $1730.0 and a stop loss of $1680.0.,0.82,EMA_alignment;RSI_momentum;price_above_ema20,trend_following;mean_reversion,trend_following;mean_reversion
2020-05-14T00:00:00+00:00,GOLD,entry,Active-Guardian: Market is in Green Zone. 1% risk enforced. EMA20/50 alignment and RSI 59.18 detected. Decisive entry with tight protection.,0.82,EMA_alignment;RSI_momentum,indicator_crossover,trend_following;mean_reversion
2020-05-15T00:00:00+00:00,GOLD,hold,Active-Guardian: Market is in Green Zone. 1% risk enforced. EMA20/50 alignment and MACD crossover detected. Holding current long position due to favorable market conditions.,0.82,EMA_alignment;MACD_crossover,indicator_crossover,trend_following
2020-05-18T00:00:00+00:00,GOLD,hold,"Active-Guardian: Market is in Green Zone. Current long position has unrealized loss, but trend strength score is 0.53 and MACD is bullish. Holding position with tight stop loss.",0.82,EMA_alignment;MACD_bullish;Trend_strength,trend_following,trend_following
2020-05-19T00:00:00+00:00,GOLD,hold,Active-Guardian: Market is in Green Zone. Current price 1745.6 is above EMA20 1716.42. Holding long position with tight protection.,0.82,EMA_alignment;RSI_above_50;MACD_bullish,price_above_ema;rsi_momentum,trend_following;mean_reversion
2020-05-20T00:00:00+00:00,GOLD,hold,Active-Guardian: Market is in Green Zone. Current long position is profitable with a trend strength score of 0.65. Holding the position with a tight stop loss.,0.82,EMA_alignment;MACD_bullish;RSI_above_50,trend_following,trend_following
2020-05-21T00:00:00+00:00,GOLD,close,Active-Guardian: Current price 1721.9 is below recent high 1759.1 and EMA20=1720.017 is close to current price. Closing current long position due to unfavorable market conditions.,0.82,EMA_alignment;RSI_momentum,price_rejection;trend_weakness,trend_following;mean_reversion
2020-05-29T00:00:00+00:00,GOLD,entry,"Active-Guardian: Market is in Green Zone. EMA20 and EMA50 alignment with RSI=56.67 suggests potential for long entry. Recent price action shows rejection of lower prices, increasing confidence in a potential uptrend.",0.8,EMA_alignment;RSI_momentum;price_rejection,indicator_crossover;support_bounce,trend_following;mean_reversion
2020-06-01T00:00:00+00:00,GOLD,hold,"Active-Guardian: Market is in Active mode. 1% risk enforced. EMA20 and EMA50 alignment with RSI=56.76 indicate a potential long opportunity. Current price 1743.3 is above EMA20=1722.588, supporting the long position.",0.8,EMA_alignment;RSI_momentum,indicator_crossover,trend_following
2020-06-02T00:00:00+00:00,GOLD,close,Active-Guardian: Current price 1728.9 is below entry price 1742.9 and EMA20=1723.189 is close to current price. Closing current long position due to unfavorable market conditions.,0.8,,unfavorable_market_conditions,trend_following;mean_reversion
2020-06-03T00:00:00+00:00,GOLD,reject,Active-Guardian: Current price 1701.0 is below recent high 1742.9 and EMA20=1721.076 is above current price. Rejecting entry due to unfavorable market conditions and recent losing streak.,0.4,,,trend_following;mean_reversion
2020-06-04T00:00:00+00:00,GOLD,entry,Active-Guardian: Market is in Green Zone. EMA20 and EMA50 alignment with RSI14=51.14 suggests potential for long entry. Recent price action and MACD histogram momentum shift support this decision.,0.8,EMA_alignment;RSI_momentum;MACD_histogram,indicator_crossover;trend_reversal,trend_following;mean_reversion
2020-06-05T00:00:00+00:00,GOLD,entry,"Active-Guardian: Market is in Green Zone. EMA20 and EMA50 alignment with RSI below 50 suggests potential mean reversion. Recent price action shows rejection of lower prices, indicating possible support.",0.68,EMA_alignment;RSI_oversold;price_rejection,support_bounce;mean_reversion,mean_reversion;trend_following
2020-06-08T00:00:00+00:00,GOLD,hold,Active-Guardian: Market is in Green Zone. Holding current long position due to favorable market conditions and proximity to profit target.,0.68,EMA_alignment;RSI_momentum,trend_following,trend_following
2020-06-09T00:00:00+00:00,GOLD,entry,"Active-Guardian: Market is in Green Zone. EMA20 and EMA50 alignment with RSI at 50.74 suggests a potential long entry. Recent price action shows rejection of lower prices, indicating strength.",0.8,EMA_alignment;RSI_middle;price_rejection,indicator_alignment;support_bounce,trend_following;mean_reversion
2020-06-11T00:00:00+00:00,GOLD,entry,"Active-Guardian: Market is in Green Zone. EMA20 and EMA50 alignment with RSI=54.36 near the middle line, suggesting a potential long opportunity. Recent price action shows a bounce from the EMA50 level.",0.82,EMA_alignment;RSI_middle_line;price_bounce,indicator_alignment;support_bounce,trend_following;mean_reversion
2020-06-12T00:00:00+00:00,GOLD,close,Active-Guardian: Current price 1732.0 is below entry price 1734.7. Closing current long position due to unfavorable market conditions.,0.82,EMA_alignment;RSI_momentum,price_rejection,trend_following;mean_reversion
2020-06-19T00:00:00+00:00,GOLD,entry,Active-Guardian: Market is in Green Zone. 1% risk enforced. Bullish MACD crossover and RSI=57.04 detected. Decisive entry with tight protection.,0.82,MACD_crossover;RSI_bullish;EMA_alignment,indicator_crossover;trend_strength,trend_following;mean_reversion
2020-06-22T00:00:00+00:00,GOLD,hold,Active-Guardian: Market is in Green Zone. Current price 1758.4 is above EMA20=1727.365 and EMA50=1709.080. RSI14=59.52 indicates a bullish trend. Holding the current long position due to favorable market conditions.,0.82,EMA_alignment;RSI_bullish;Trend_strength,indicator_crossover;trend_following,trend_following;mean_reversion
2020-06-23T00:00:00+00:00,GOLD,hold,Active-Guardian: Market is in Green Zone. Current price 1774.1 is above EMA20=1731.814 and EMA50=1711.139. Holding long position due to favorable market conditions and strong trend strength score of 0.96.,0.82,EMA_alignment;trend_strength;RSI_above_50,trend_following,trend_following;mean_reversion
2020-06-24T00:00:00+00:00,GOLD,hold,Active-Guardian: Market is in Green Zone. Current long position is profitable with an unrealized PnL of $3.88. Holding the position as the trend strength score is 1.00 and the price is above EMA20.,0.82,EMA_alignment;MACD_bullish;RSI_above_50,trend_following,trend_following
2020-06-25T00:00:00+00:00,GOLD,hold,"Active-Guardian: Market is in Active mode. 1% risk enforced. EMA20 and EMA50 alignment with bullish MACD crossover detected. Current price is above EMA20 and EMA50, indicating a strong trend.",0.82,EMA_alignment;MACD_crossover;trend_strength,indicator_crossover;trend_following,trend_following;mean_reversion
2020-06-26T00:00:00+00:00,GOLD,hold,Active-Guardian: Market is in Active mode. 1% risk enforced. EMA20 and EMA50 alignment with bullish MACD crossover detected. Holding current long position due to favorable market conditions.,0.82,EMA_alignment;MACD_crossover;Trend_strength,indicator_crossover,trend_following
2020-06-30T00:00:00+00:00,GOLD,entry,"Active-Guardian: Market is in Green Zone. Bullish MACD crossover, RSI above 50, and price above EMA20. Entry with tight protection.",0.82,MACD_crossover;RSI_above_50;price_above_EMA20,indicator_crossover;trend_continuation,trend_following;momentum
2020-07-01T00:00:00+00:00,GOLD,close,Active-Guardian: Current price 1779.9 is below entry price 1800.5. Closing current long position due to unfavorable market conditions.,0.82,,unfavorable_market_conditions,risk_management
2020-07-07T00:00:00+00:00,GOLD,entry,Active-Guardian: Market is in Green Zone. 1% risk enforced. Bullish MACD crossover and RSI=66.39 indicate a strong trend. EMA20 and EMA50 alignment supports the long entry.,0.82,MACD_crossover;RSI_bullish;EMA_alignment,indicator_crossover;trend_strength,trend_following;mean_reversion
2020-07-08T00:00:00+00:00,GOLD,hold,Active-Guardian: Market is in Active mode. Current price 1820.6 is above EMA20=1772.828 and EMA50=1740.232. RSI14=68.56 indicates a strong trend. Holding the current long position with a profit target of 1850.0 and a stop loss of 1780.0.,0.82,EMA_alignment;RSI_strength;trend_strength,trend_following;mean_reversion,trend_following;mean_reversion
2020-07-09T00:00:00+00:00,GOLD,close,Active-Guardian: Current price 1803.8 is below entry price 1809.9. Closing current long position due to unfavorable market conditions.,0.82,EMA_rejection;RSI_below_70;Volatility_stable,price_rejection;support_test;trend_slowdown,trend_following;mean_reversion;risk_management
2020-07-21T00:00:00+00:00,GOLD,entry,Active-Guardian: Market is in Active mode. 1% risk enforced. Bullish MACD crossover and RSI above 50 detected. Decisive entry with tight protection.,0.82,MACD_crossover;RSI_above_50;EMA_alignment,indicator_crossover;trend_following,trend_following;mean_reversion
2020-07-22T00:00:00+00:00,GOLD,hold,Active-Guardian: Market is in Green Zone. Current price 1865.1 is above EMA20=1804.469 and RSI14=73.01 is not in overbought territory. Holding long position due to favorable market conditions.,0.82,EMA_alignment;RSI_not_overbought;Trend_strength,price_above_ema;rsi_bullish,trend_following;mean_reversion
2020-07-23T00:00:00+00:00,GOLD,hold,Active-Guardian: Market is in Green Zone. Current long position is profitable with an unrealized PnL of $9.02. Holding the position with a profit target of $1900.0 and a stop loss of $1790.0.,0.82,EMA_alignment;RSI_bullish;MACD_crossover,trend_following,trend_following
2020-07-24T00:00:00+00:00,GOLD,entry,Active-Guardian: Market is in Green Zone. EMA20 and EMA50 alignment with bullish MACD crossover. RSI is high but not in overbought territory. Entry with tight stop loss.,0.82,EMA_alignment;MACD_crossover;RSI_high,indicator_crossover;trend_following,trend_following;mean_reversion
2020-07-27T00:00:00+00:00,GOLD,entry,Active-Guardian: Market is in Green Zone. 1% risk enforced. Bullish MACD crossover and RSI above 80 detected. Decisive entry with tight protection.,0.82,MACD_crossover;RSI_overbought;EMA_alignment,indicator_crossover;trend_strength,trend_following;momentum
2020-07-28T00:00:00+00:00,GOLD,entry,Active-Guardian: Market is in Green Zone. 1% risk enforced. Bullish MACD crossover and high RSI suggest strong trend continuation. EMA alignment supports long position.,0.82,MACD_crossover;RSI_bullish;EMA_alignment,indicator_crossover;trend_continuation,trend_following;momentum
2020-07-29T00:00:00+00:00,GOLD,hold,Active-Guardian: Market is in Green Zone. 1% risk enforced. EMA20/50 alignment and RSI above 80 detected. Holding current long position with tight protection.,0.82,EMA_alignment;RSI_overbought,trend_strength,trend_following
2020-07-30T00:00:00+00:00,GOLD,hold,"Active-Guardian: Market is in Green Zone. Holding current long position due to favorable market conditions and strong trend strength score of 1.51. EMA20 and EMA50 are aligned bullishly, and RSI is at 81.86, indicating a potential for continued upward movement.",0.82,EMA_alignment;RSI_bullish;Trend_Strength,trend_following,trend_following
2020-07-31T00:00:00+00:00,GOLD,entry,Active-Guardian: Market is in Active mode. 1% risk enforced. Bullish MACD crossover and RSI above 80 detected. Decisive entry with tight protection.,0.82,MACD_crossover;RSI_overbought,indicator_crossover,trend_following
2020-08-03T00:00:00+00:00,GOLD,hold,Active-Guardian: Market is in Green Zone. Current long position is profitable. Holding with tight stop loss.,0.82,EMA_alignment;RSI_bullish;MACD_crossover,trend_following,trend_following
2020-08-04T00:00:00+00:00,GOLD,entry,Active-Guardian: Market is in Green Zone. 1% risk enforced. Bullish MACD crossover and high RSI detected. Decisive long entry with tight protection.,0.85,MACD_crossover;RSI_high;EMA_alignment,indicator_crossover;trend_strength,trend_following;momentum
2020-08-05T00:00:00+00:00,GOLD,entry,Active-Guardian: Market is in Green Zone. 1% risk enforced. Bullish MACD crossover and RSI above 50 detected. Decisive entry with tight protection.,0.82,MACD_crossover;RSI_above_50;EMA_alignment,indicator_crossover;trend_strength,trend_following;momentum
2020-08-06T00:00:00+00:00,GOLD,hold,Active-Guardian: Market is in Green Zone. Current long position is profitable. Holding with tight stop loss.,0.82,EMA_alignment;RSI_high;MACD_bullish,trend_following,trend_following
2020-08-07T00:00:00+00:00,GOLD,close,Active-Guardian: Current price 2014.3 is below entry price 2032.9. Closing current long position due to unfavorable market conditions.,0.82,,,trend_following
2020-08-10T00:00:00+00:00,GOLD,entry,Active-Guardian: Market is in Green Zone. 1% risk enforced. Bullish MACD crossover and RSI above 70 detected. Decisive entry with tight protection.,0.82,MACD_crossover;RSI_overbought;EMA_alignment,indicator_crossover;trend_strength,trend_following;momentum
2020-08-11T00:00:00+00:00,GOLD,entry,Active-Guardian: Market is in Active mode. 1% risk enforced. Bullish MACD crossover and RSI at 53.80 detected. Decisive entry with tight protection.,0.8,MACD_crossover;RSI_momentum,indicator_crossover,trend_following
2020-08-13T00:00:00+00:00,GOLD,reject,"Active-Guardian: Current Drawdown Protection Status is ACTIVE (Red Zone Mode), pausing all entries.",0.0,,,risk_management
2020-08-14T00:00:00+00:00,GOLD,hold,Drawdown Protection Status: ACTIVE (Pause Entries - Red Zone Mode). No new entries allowed due to current weekly drawdown of 3.85%.,0.0,,,
2020-08-17T00:00:00+00:00,GOLD,hold,Active-Guardian: Current Drawdown Protection Status is ACTIVE (Pause Entries - Red Zone Mode). No new entries allowed.,0.0,,,
2020-08-19T00:00:00+00:00,GOLD,entry,Active-Guardian: Market is in Active mode. 1% risk enforced. EMA20/50 alignment and RSI54.59 detected. Decisive entry with tight protection.,0.82,EMA_alignment;RSI_momentum,indicator_crossover,trend_following;mean_reversion
2020-08-20T00:00:00+00:00,GOLD,entry,Active-Guardian: Market is in Green Zone. 1% risk enforced. EMA20/50 alignment and RSI 50 crossing detected. Decisive entry with tight protection.,0.82,EMA_alignment;RSI_crossing,indicator_crossover,trend_following;mean_reversion
2020-08-25T00:00:00+00:00,GOLD,entry,Active-Guardian: Market is in Green Zone. 1% risk enforced. EMA20/50 alignment and RSI bouncing from key levels detected. Decisive entry with tight protection.,0.82,EMA_alignment;RSI_bounce;Volatility_stable,indicator_crossover;support_bounce,trend_following;mean_reversion
2020-08-26T00:00:00+00:00,GOLD,hold,Active-Guardian: Market is in Green Zone. Current long position is profitable. Holding with tight stop loss.,0.82,EMA_alignment;RSI_momentum,trend_following,trend_following
2020-08-27T00:00:00+00:00,GOLD,hold,Active-Guardian: Market is in Green Zone. Current price 1922.3 is above entry price 1912.5. Holding long position with tight protection.,0.82,EMA_alignment;RSI_momentum,price_breakout,trend_following
2020-08-28T00:00:00+00:00,GOLD,hold,Active-Guardian: Market is in Green Zone. Current price 1966.8 is above entry price 1912.5. Holding long position with tight protection.,0.82,EMA_alignment;RSI_momentum,price_breakout,trend_following
2020-09-02T00:00:00+00:00,GOLD,entry,Active-Guardian: Market is in Green Zone. 1% risk enforced. EMA20/50 alignment and RSI=49.67 detected. Decisive entry with tight protection.,0.8,EMA_alignment;RSI_mean_reversion,indicator_crossover,trend_following;mean_reversion
2020-09-03T00:00:00+00:00,GOLD,close,Active-Guardian: Current price 1930.2 is below entry price 1936.9. Closing current long position due to unfavorable market conditions.,0.8,,,risk_management
2020-09-07T00:00:00+00:00,GOLD,entry,Active-Guardian: Market is in Green Zone. 1% risk enforced. EMA20/50 alignment and RSI crossing 50 detected. Decisive entry with tight protection.,0.8,EMA_alignment;RSI_crossing,trend_following,trend_following;mean_reversion
2020-09-08T00:00:00+00:00,GOLD,close,Active-Guardian: Current price 1935.1 is below entry price 1943.2. Closing current long position due to unfavorable market conditions.,0.8,,,risk_management
2020-09-11T00:00:00+00:00,GOLD,entry,Active-Guardian: Market is in Green Zone. 1% risk enforced. EMA20/50 alignment and RSI 50 crossing detected. Decisive entry with tight protection.,0.8,EMA_alignment;RSI_crossing,indicator_crossover,trend_following;mean_reversion
2020-09-14T00:00:00+00:00,GOLD,hold,"Active-Guardian: Holding current long position. Price 1954.7 is above entry price 1939.5. Trend strength score is 0.33, indicating a moderate trend. EMA20 and EMA50 are aligned bullishly.",0.8,EMA_alignment;trend_strength,price_above_entry,trend_following
2020-09-15T00:00:00+00:00,GOLD,hold,"Active-Guardian: Holding current long position. Price is above EMA20 and EMA50, with RSI at 53.96. Trend Strength Score is 0.37, indicating a moderate trend. Recent price action has been bullish, with a current price of 1958.0 above the entry price of 1939.5.",0.8,EMA_alignment;RSI_momentum;Trend_strength,price_above_ema;rsi_momentum,trend_following;mean_reversion
2020-09-16T00:00:00+00:00,GOLD,hold,"Active-Guardian: Market is in Green Zone. Holding long position with tight protection. EMA20 and EMA50 alignment, RSI above 50, and MACD histogram momentum shift support the hold decision.",0.8,EMA_alignment;RSI_above_50;MACD_momentum_shift,indicator_alignment;trend_following,trend_following;mean_reversion
2020-09-17T00:00:00+00:00,GOLD,hold,"Active-Guardian: Market is in Green Zone. Current long position is being held as the price is above the entry price and the trend strength score is 0.34, indicating a potential for further growth.",0.8,EMA_alignment;RSI_momentum,trend_following,trend_following
2020-09-18T00:00:00+00:00,GOLD,hold,"Active-Guardian: Market is in Green Zone. Holding current long position with tight protection. EMA20 and EMA50 alignment, RSI above 50, and MACD histogram momentum shift support the hold decision.",0.8,EMA_alignment;RSI_above_50;MACD_momentum_shift,trend_following,trend_following
2020-09-21T00:00:00+00:00,GOLD,reject,Active-Guardian: Current market conditions do not meet the 2-factor confluence requirement for entry. Recent losing streak and low trend strength score indicate caution.,0.4,,,trend_following;risk_management
2020-09-23T00:00:00+00:00,GOLD,reject,"Active-Guardian: Current market conditions do not meet the 2-factor confluence requirement. RSI is 34.80, indicating potential oversold conditions, but MACD crossover is bearish and Trend Strength Score is -0.19, suggesting a weak trend. Given the recent losing streak and market volatility, a cautious approach is warranted.",0.4,RSI_oversold,,mean_reversion;trend_following
2020-09-25T00:00:00+00:00,GOLD,reject,"Active-Guardian: Current market conditions do not meet the 2-factor confluence requirement. RSI is 35.31, indicating a potential oversold condition, but MACD crossover is bearish and Trend Strength Score is -0.27, suggesting a downward trend. Volatility Ratio is 1.04, indicating a stable market. Recent trade outcomes show a losing streak, and the strategy may need adjustment.",0.4,,,trend_following;mean_reversion
2020-09-28T00:00:00+00:00,GOLD,reject,"Active-Guardian: Market is in Green Zone. However, recent losing streak and low Trend Strength Score (-0.16) suggest caution. No strong confluence factors detected.",0.4,,,trend_following;risk_management
2020-09-29T00:00:00+00:00,GOLD,reject,Active-Guardian: Current market conditions do not meet the 2-factor confluence requirement for entry. Recent losing streak and low trend strength score indicate caution.,0.4,,,trend_following;risk_management
2020-10-01T00:00:00+00:00,GOLD,entry,Active-Guardian: Market is in Green Zone. 1% risk enforced. EMA20/50 alignment and RSI 49.25 detected. Decisive entry with tight protection.,0.8,EMA_alignment;RSI_momentum,price_rejection,trend_following;mean_reversion
2020-10-02T00:00:00+00:00,GOLD,close,Active-Guardian: Current price 1903.8 is below entry price 1912.3. Closing current long position due to unfavorable market conditions.,0.8,,unfavorable_market_conditions,risk_management
2020-10-07T00:00:00+00:00,GOLD,reject,"Active-Guardian: Recent losing streak and low win rate indicate a need for caution. Volatility Ratio is 0.99, indicating a stable market, but trend strength score is low (0.47) and RSI is not oversold (43.89). No strong confluence for entry.",0.0,,,risk_management;market_analysis
2020-10-09T00:00:00+00:00,GOLD,entry,Active-Guardian: Market is in Green Zone. Bullish MACD crossover and RSI at 52.47 suggest potential for upside. EMA20 and EMA50 alignment supports long entry.,0.82,MACD_crossover;RSI_momentum;EMA_alignment,indicator_crossover;trend_following,trend_following;mean_reversion
2020-10-12T00:00:00+00:00,GOLD,hold,Active-Guardian: Market is in Green Zone. Current long position is being held due to favorable market conditions and trend strength score of 0.72. EMA alignment and MACD crossover are bullish.,0.82,EMA_alignment;MACD_crossover;Trend_Strength,indicator_crossover,trend_following
2020-10-13T00:00:00+00:00,GOLD,close,Active-Guardian: Current price 1890.2 is below entry price 1921.9. Closing current long position due to unfavorable market conditions.,0.0,,,
2020-10-22T00:00:00+00:00,GOLD,entry,Active-Guardian: Market is in Green Zone. EMA20/50 alignment and RSI=47.70 suggest a potential long entry. MACD crossover is bullish.,0.72,EMA_alignment;RSI_momentum;MACD_crossover,indicator_crossover;trend_reversal,trend_following;mean_reversion
2020-10-23T00:00:00+00:00,GOLD,hold,Active-Guardian: Market is in Green Zone. Current price 1902.3 is near entry price 1901.6. Holding current long position due to favorable market conditions.,0.72,EMA_alignment;RSI_momentum;Volatility_stable,trend_following;mean_reversion,trend_following;mean_reversion
2020-10-26T00:00:00+00:00,GOLD,hold,Active-Guardian: Market is in Active mode. 1% risk enforced. EMA alignment and MACD crossover detected. Holding current long position due to favorable market conditions.,0.72,EMA_alignment;MACD_crossover,indicator_crossover,trend_following
2020-10-27T00:00:00+00:00,GOLD,hold,"Active-Guardian: Market is in Green Zone. Current price 1909.2 is above entry price 1901.6. Holding current long position due to favorable market conditions. EMA20 and EMA50 are aligned, and RSI is at 50.08, indicating a potential trend continuation.",0.72,EMA_alignment;RSI_neutral,trend_continuation,trend_following
2020-10-28T00:00:00+00:00,GOLD,reject,"Active-Guardian: Current market conditions do not meet the 2-factor confluence requirement for entry. RSI is 41.19, and MACD is bearish. Recent trades have resulted in losses, indicating a need for caution.",0.4,,,trend_following;mean_reversion
2020-11-03T00:00:00+00:00,GOLD,reject,"Active-Guardian: Current market conditions do not meet the required confluence factors for an entry. Recent trade outcomes indicate a need for caution, and the current volatility zone, although active, suggests a wait-and-see approach due to the low trend strength score and recent losses.",0.0,,,
2020-11-05T00:00:00+00:00,GOLD,entry,Active-Guardian: Market is in Green Zone. EMA20/50 alignment and RSI=60.15 suggest a bullish trend. Recent losses indicate a need for cautious re-entry with tight stops.,0.8,EMA_alignment;RSI_bullish;MACD_crossover,trend_following;mean_reversion,trend_following;mean_reversion
2020-11-06T00:00:00+00:00,GOLD,hold,Active-Guardian: Current price 1951.7 is above entry price 1946.8. Holding current long position due to favorable market conditions. EMA alignment and MACD crossover support the trend.,0.8,EMA_alignment;MACD_crossover,trend_following,trend_following
2020-11-09T00:00:00+00:00,GOLD,entry,"Active-Guardian: Market is in Green Zone. EMA20/50 alignment and RSI below 50 suggest potential long opportunity. Recent price action shows rejection of lower prices, indicating potential for mean reversion.",0.8,EMA_alignment;RSI_oversold;price_rejection,indicator_crossover;support_bounce,mean_reversion;trend_following
2020-11-10T00:00:00+00:00,GOLD,hold,"Active-Guardian: Market is in Green Zone. Holding current long position due to favorable market conditions. EMA20 and EMA50 are aligned, and RSI is at 45.24, indicating a potential for further upside.",0.8,EMA_alignment;RSI_momentum,trend_following,trend_following
2020-11-11T00:00:00+00:00,GOLD,hold,Active-Guardian: Market is in Green Zone. Current long position with tight protection. ATR-based stop loss in place.,0.8,EMA_alignment;RSI_momentum,indicator_crossover,trend_following
2020-11-12T00:00:00+00:00,GOLD,hold,Active-Guardian: Market is in Green Zone. Holding current long position due to favorable market conditions and confluence of EMA alignment and RSI level.,0.8,EMA_alignment;RSI_level,trend_following,trend_following
2020-11-13T00:00:00+00:00,GOLD,hold,Active-Guardian: Market is in Green Zone. Holding current long position due to favorable market conditions and existing unrealized profit.,0.8,EMA_alignment;RSI_momentum,trend_following,trend_following
2020-11-16T00:00:00+00:00,GOLD,hold,Active-Guardian: Market is in Active mode. Current price 1887.8 is above entry price 1854.4. Holding current long position due to favorable market conditions.,0.8,EMA_alignment;RSI_momentum;Volatility_stable,trend_following;mean_reversion,trend_following;mean_reversion
2020-11-17T00:00:00+00:00,GOLD,hold,Active-Guardian: Market is in Green Zone. Current long position is in profit. Holding to maximize gains.,0.8,EMA_alignment;RSI_momentum,trend_following,trend_following
2020-11-18T00:00:00+00:00,GOLD,hold,Active-Guardian: Market is in Green Zone. Holding current long position due to favorable market conditions and confluence of EMA alignment and RSI level.,0.8,EMA_alignment;RSI_level,trend_following,trend_following
2020-11-19T00:00:00+00:00,GOLD,hold,Active-Guardian: Current price 1861.5 is above entry price 1854.4. Holding current long position due to favorable market conditions.,0.8,EMA_alignment;RSI_momentum,price_bounce,trend_following
2020-11-20T00:00:00+00:00,GOLD,hold,"Active-Guardian: Market is in Green Zone. Holding current long position due to favorable market conditions. EMA20 and EMA50 are aligned, and RSI is at 45.71, indicating a potential for further upside.",0.8,EMA_alignment;RSI_momentum,trend_following,trend_following;mean_reversion
2020-11-23T00:00:00+00:00,GOLD,entry,Active-Guardian: Market is in Green Zone. 1% risk enforced. EMA20/50 alignment and RSI below 50 detected. Decisive entry with tight protection.,0.8,EMA_alignment;RSI_oversold,indicator_crossover,trend_following;mean_reversion
2020-11-24T00:00:00+00:00,GOLD,entry,Active-Guardian: Market is in Green Zone. 1% risk enforced. EMA20/50 rejection and RSI crossing 50 detected. Decisive entry with tight protection.,0.8,EMA_rejection;RSI_crossing_50,indicator_crossover;support_bounce,trend_following;mean_reversion
2020-11-25T00:00:00+00:00,GOLD,close,"Active-Guardian: Current market conditions and recent trade outcomes suggest a high-risk environment. Drawdown Protection Status is ACTIVE (Pause Entries - Red Zone Mode), and the recent win rate is low. It's prudent to close the current position and reassess market conditions before re-entering.",0.0,,,risk_management;drawdown_protection
2020-11-26T00:00:00+00:00,GOLD,reject,"Active-Guardian: Current Drawdown Protection Status is ACTIVE (Pause Entries - Red Zone Mode) due to a 3.33% weekly drawdown. Recent trade outcomes show a 0% win rate, indicating a high-risk environment. It's prudent to reject new entries and protect capital.",0.0,,,risk_management;drawdown_protection
2020-11-27T00:00:00+00:00,GOLD,entry,Active-Guardian: Market is in Green Zone. RSI14=31.42 indicates oversold conditions. EMA20 and EMA50 alignment suggests a potential reversal. Entry with tight protection.,0.8,RSI_oversold;EMA_alignment,support_bounce,mean_reversion
2020-11-30T00:00:00+00:00,GOLD,close,"Active-Guardian: Current market conditions and recent trade outcomes suggest a high-risk environment. The recent win rate is 0.0%, indicating a need to reassess the strategy. Closing the current long position to minimize further losses.",0.0,,,
2020-12-01T00:00:00+00:00,GOLD,reject,"Active-Guardian: Current Weekly Drawdown is 3.06%, exceeding the threshold. Drawdown Protection Status is ACTIVE (Pause Entries - Red Zone Mode). Recent trade outcomes show a losing streak with 0.0% win rate, indicating high-risk market conditions. Rejecting new entries to minimize further losses.",0.0,,,risk_management;drawdown_protection
2020-12-07T00:00:00+00:00,GOLD,reject,"Active-Guardian: Current market conditions and recent trade outcomes suggest a high-risk environment. The recent win rate is 0.0%, indicating a need to reassess the strategy. Rejecting entry due to unfavorable market conditions and high volatility.",0.2,,,risk_management;market_sentiment
2020-12-09T00:00:00+00:00,GOLD,reject,"Active-Guardian: Current market conditions and recent trade outcomes suggest a high-risk environment. The recent win rate is 0.0%, indicating a need to reassess the strategy. Rejecting entry to minimize further losses.",0.2,,,risk_management;drawdown_protection
2020-12-15T00:00:00+00:00,GOLD,reject,"Active-Guardian: Recent win rate is 0.0%, and the market is in a losing streak. Volatility Ratio (VR) is 0.85, indicating a Green Zone, but the current trend strength score is 0.47, which is not strong enough to enter a new position. Drawdown Protection Status is INACTIVE, but the recent trade outcomes suggest a high-risk environment.",0.2,,,risk_management;trend_following
2020-12-17T00:00:00+00:00,GOLD,reject,"Active-Guardian: Recent win rate is 0.0%, and the market is in a losing streak. Current price action and recent trade outcomes suggest a high-risk environment. It's prudent to reject entries and reassess market conditions before re-entering.",0.0,,,risk_management;market_sentiment
2021-01-04T00:00:00+00:00,GOLD,reject,"Active-Guardian: Recent win rate is 0.0%, and the market is in a losing streak. The current price action and recent trade outcomes suggest a high-risk environment, indicating a need to reassess the strategy and be more selective.",0.2,,,risk_management;market_sentiment
2021-01-05T00:00:00+00:00,GOLD,reject,"Active-Guardian: Current market conditions and recent trade outcomes suggest a high-risk environment. The recent win rate is 0.0%, indicating a need to reassess the strategy. Rejecting entry due to unfavorable market conditions and high volatility.",0.2,,,risk_management;market_sentiment
2021-01-06T00:00:00+00:00,GOLD,reject,"Active-Guardian: Current market conditions and recent trade outcomes suggest a high-risk environment. The recent win rate is 0.0%, indicating a need to reassess the strategy. Rejecting entry to minimize further losses.",0.2,,,risk_management;drawdown_protection
2021-01-08T00:00:00+00:00,GOLD,reject,"Active-Guardian: Current market conditions and recent trade outcomes suggest a high-risk environment. The recent win rate is 0.0%, indicating a need to reassess the strategy. Rejecting entry to minimize further losses.",0.0,,,risk_management;drawdown_protection
2021-01-11T00:00:00+00:00,GOLD,reject,"Active-Guardian: Current market conditions and recent trade outcomes suggest a high-risk environment. Recent win rate is 0.0%, indicating a need to reassess the strategy. Rejecting entry to minimize further losses.",0.0,,,risk_management;drawdown_protection
2021-01-15T00:00:00+00:00,GOLD,reject,"Active-Guardian: Current market conditions and recent trade outcomes suggest a high-risk environment. The recent win rate is 0.0%, indicating a need to reassess the strategy. Rejecting entry to minimize further losses.",0.2,,,risk_management;drawdown_protection
2021-01-20T00:00:00+00:00,GOLD,reject,"Active-Guardian: Current market conditions and recent trade outcomes suggest a high-risk environment. Recent win rate is 0.0%, indicating a need to reassess the strategy. Volatility Ratio (VR) is 1.02, which is in the ACTIVE (Green Zone) but given the recent losses, it's prudent to be cautious.",0.0,,,risk_management;market_assessment
2021-02-02T00:00:00+00:00,GOLD,reject,"Active-Guardian: Recent trade outcomes and market conditions suggest a high-risk environment. The recent win rate is 0.0%, indicating a need to reassess the strategy. Rejecting entry to minimize further losses.",0.0,,,risk_management;drawdown_protection
2021-02-04T00:00:00+00:00,GOLD,reject,"Active-Guardian: Current market conditions and recent trade outcomes suggest a high-risk environment. The recent win rate is 0.0%, indicating a need to reassess the strategy. Rejecting entry to minimize further losses.",0.0,,,risk_management;drawdown_protection
2021-02-05T00:00:00+00:00,GOLD,reject,"Active-Guardian: Current market conditions and recent trade outcomes suggest a high-risk environment. The recent win rate is 0.0%, indicating a need to reassess the strategy. Rejecting entry due to unfavorable market conditions and high volatility.",0.0,,,risk_management;market_sentiment
2021-02-08T00:00:00+00:00,GOLD,reject,"Active-Guardian: Current market conditions and recent trade outcomes suggest a high-risk environment. Recent win rate is 0.0%, indicating a need to reassess the strategy. Rejecting entry to minimize further losses.",0.2,,,risk_management;drawdown_protection
2021-02-11T00:00:00+00:00,GOLD,reject,"Active-Guardian: Current market conditions and recent trade outcomes suggest a high-risk environment. The recent win rate is 0.0%, indicating a need to reassess the strategy. Rejecting new entries to minimize further losses.",0.0,,,risk_management;drawdown_protection
2021-02-15T00:00:00+00:00,GOLD,reject,"Active-Guardian: Current market conditions and recent trade outcomes suggest a high-risk environment. Recent win rate is 0.0%, indicating a need to reassess the strategy. Rejecting entry to minimize further losses.",0.0,,,risk_management;drawdown_protection
2021-02-17T00:00:00+00:00,GOLD,reject,"Active-Guardian: Current market conditions and recent trade outcomes suggest a high-risk environment. The recent win rate is 0.0%, indicating a need to reassess the strategy. Rejecting entry to minimize further losses.",0.2,,,risk_management;drawdown_protection
2021-02-18T00:00:00+00:00,GOLD,reject,"Active-Guardian: Current market conditions and recent trade outcomes suggest a high-risk environment. Recent win rate is 0.0%, indicating a need to reassess the strategy. Volatility Ratio (VR) is 0.96, which is in the ACTIVE (Green Zone) but given the losing streak, it's prudent to be cautious.",0.0,,,risk_management;market_sentiment
2021-02-19T00:00:00+00:00,GOLD,reject,"Active-Guardian: Current market conditions and recent trade outcomes suggest a high-risk environment. The recent win rate is 0.0%, indicating a need to reassess the strategy. Rejecting entry to minimize further losses.",0.0,,,risk_management;drawdown_protection
2021-02-22T00:00:00+00:00,GOLD,reject,"Active-Guardian: Current market conditions and recent trade outcomes suggest a high-risk environment. The recent win rate is 0.0%, indicating a need to reassess the strategy. Rejecting entry to minimize further losses.",0.2,,,risk_management;drawdown_protection
2021-02-25T00:00:00+00:00,GOLD,reject,"Active-Guardian: Recent win rate is 0.0%, and the market is in a losing streak. The current price of 1775.4 is below the EMA20 and EMA50, indicating a bearish trend. RSI14 is 37.93, which is not oversold enough to warrant a long entry. MACD is bearish, and the Trend Strength Score is 0.03, indicating a weak trend. Given the high-risk environment and recent trade outcomes, it's prudent to reject entries and reassess market conditions.",0.2,,,trend_following;risk_management
2021-02-26T00:00:00+00:00,GOLD,reject,"Active-Guardian: Current market conditions and recent trade outcomes suggest a high-risk environment. The recent win rate is 0.0%, indicating a need to reassess the strategy. Rejecting entry to minimize further losses.",0.2,,,risk_management;drawdown_protection
2021-03-01T00:00:00+00:00,GOLD,reject,"Active-Guardian: Current market conditions and recent trade outcomes suggest a high-risk environment. The recent win rate is 0.0%, indicating a need to reassess the strategy. Rejecting entry to minimize further losses.",0.0,,,risk_management;drawdown_protection
2021-03-02T00:00:00+00:00,GOLD,reject,"Active-Guardian: Current market conditions and recent trade outcomes suggest a high-risk environment. The recent win rate is 0.0%, indicating a need to reassess the strategy. Rejecting entry due to unfavorable market conditions and high risk.",0.2,,,risk_management;market_sentiment
2021-03-03T00:00:00+00:00,GOLD,reject,"Active-Guardian: Current market conditions and recent trade outcomes suggest a high-risk environment. The recent win rate is 0.0%, indicating a need to reassess the strategy. Rejecting entry to minimize further losses.",0.0,,,risk_management;drawdown_protection
2021-03-04T00:00:00+00:00,GOLD,entry,Active-Guardian: Market is in Green Zone. 1% risk enforced. EMA20/50 alignment and RSI oversold detected. Decisive entry with tight protection.,0.8,EMA_alignment;RSI_oversold,indicator_crossover,trend_following;mean_reversion
2021-03-05T00:00:00+00:00,GOLD,close,"Active-Guardian: Current market conditions and recent trade outcomes suggest a high-risk environment. The recent win rate is 0.0%, indicating a need to reassess the strategy. Closing the current long position to minimize further losses.",0.0,,,risk_management
2021-03-08T00:00:00+00:00,GOLD,entry,"Active-Guardian: Market is in Green Zone. RSI14=24.61 indicates oversold conditions. EMA20 and EMA50 alignment suggests potential for mean reversion. Recent losses suggest a need for caution, but the current price offers a favorable risk-reward ratio.",0.8,RSI_oversold;EMA_alignment;Volatility_stable,support_bounce;mean_reversion,mean_reversion;trend_following
2021-03-09T00:00:00+00:00,GOLD,hold,Active-Guardian: Market is in Active mode. 1% risk enforced. EMA alignment and RSI level detected. Holding current long position due to favorable market conditions.,0.8,EMA_alignment;RSI_level,trend_following,trend_following
2021-03-29T00:00:00+00:00,GOLD,reject,"Active-Guardian: Current market conditions and recent trade outcomes suggest a high-risk environment. The recent win rate is 10.0%, and the drawdown protection status is inactive. Given the low confidence and high risk, it's prudent to reject the current signal and reassess market conditions before re-entering.",0.2,,,risk_management;market_sentiment
2021-03-30T00:00:00+00:00,GOLD,entry,Active-Guardian: Market is in Green Zone. 1% risk enforced. Bullish MACD crossover and RSI at 32.98 detected. Decisive entry with tight protection.,0.82,MACD_crossover;RSI_oversold,indicator_crossover,trend_following;mean_reversion
2021-03-31T00:00:00+00:00,GOLD,hold,"Active-Guardian: Current market conditions suggest a high-risk environment. However, the existing long position in GOLD is being held due to its current profitability and the proximity to the profit target. The recent win rate is low, indicating a need for caution. The position will be closely monitored for any signs of reversal or increased volatility.",0.82,EMA_alignment;RSI_momentum;MACD_crossover,trend_following;mean_reversion,trend_following;mean_reversion
2021-04-06T00:00:00+00:00,GOLD,reject,Active-Guardian: Recent trade outcomes indicate a high-risk environment with a low win rate (20.0%). The current market conditions and volatility zone (ACTIVE) suggest caution. Rejecting entry to reassess strategy and minimize potential losses.,0.2,,,risk_management;market_sentiment
2021-04-08T00:00:00+00:00,GOLD,entry,Active-Guardian: Market is in Green Zone. 2 confluence factors detected: EMA20/50 alignment and RSI crossing 50. Decisive entry with tight protection.,0.8,EMA_alignment;RSI_crossing,indicator_crossover;support_bounce,trend_following;mean_reversion
2021-04-09T00:00:00+00:00,GOLD,close,"Active-Guardian: Current market conditions and recent trade outcomes suggest a high-risk environment. The recent win rate is low, and the current position is in a loss. Closing the current long position to minimize further losses.",0.6,,,risk_management;loss_aversion
2021-04-13T00:00:00+00:00,GOLD,reject,"Active-Guardian: Current market conditions and recent trade outcomes suggest a high-risk environment. The recent win rate is low, and the Volatility Ratio indicates a need for caution. Rejecting new entries to minimize further losses.",0.0,,,risk_management;drawdown_protection
2021-04-15T00:00:00+00:00,GOLD,reject,"Active-Guardian: Current market conditions and recent trade outcomes suggest a high-risk environment. The recent win rate is low (20.0%), and the current Volatility Ratio (0.83) indicates a need for caution. Rejecting entry to minimize further losses.",0.2,,,risk_management;trend_following
2021-04-21T00:00:00+00:00,GOLD,reject,"Active-Guardian: Current market conditions and recent trade outcomes suggest a high-risk environment. Recent win rate is low (20.0%), and the account is in a losing streak. It's prudent to reject entries and reassess market conditions before re-entering.",0.0,,,risk_management;market_sentiment
2021-05-03T00:00:00+00:00,GOLD,reject,"Active-Guardian: Current market conditions and recent trade outcomes suggest a high-risk environment. The recent win rate is low (20.0%), and the current volatility zone is ACTIVE (Green Zone), but the trend strength score is moderate (0.63). Given the recent losing streak and low win rate, it's prudent to reject new entries and reassess market conditions.",0.2,,,risk_management;market_assessment
2021-05-04T00:00:00+00:00,GOLD,reject,"Active-Guardian: Current market conditions and recent trade outcomes suggest a high-risk environment. The recent win rate is low, and the current market sentiment is not favorable. Rejecting entry to minimize further losses.",0.0,,,risk_management;market_sentiment
2021-05-06T00:00:00+00:00,GOLD,hold,"Current market conditions and recent trade outcomes suggest a high-risk environment. The recent win rate is low, and the current position is in a loss. Holding the current position and reassessing market conditions before re-entering.",0.4,EMA_alignment;RSI_bullish;MACD_crossover,indicator_crossover;support_bounce,trend_following;mean_reversion
2021-05-07T00:00:00+00:00,GOLD,reject,"Active-Guardian: Current market conditions and recent trade outcomes suggest a high-risk environment. The recent win rate is low (20.0%), and the current market state is in the ACTIVE zone but with a high RSI (68.19) and a bullish MACD crossover. Given the recent losses and the current market sentiment, it's prudent to reject new entries and reassess the strategy before re-entering.",0.2,,,risk_management;market_sentiment
2021-05-10T00:00:00+00:00,GOLD,reject,Active-Guardian: Recent trade outcomes indicate a high-risk environment with a low win rate. The current market conditions and recent losses suggest it's prudent to pause entries and reassess the strategy.,0.2,,,risk_management;strategy_reassessment
2021-05-11T00:00:00+00:00,GOLD,reject,"Active-Guardian: Current market conditions and recent trade outcomes suggest a high-risk environment. Recent win rate is low (20.0%), and the account is in a losing streak. It's prudent to reject new entries and reassess market conditions before re-entering.",0.0,,,risk_management;drawdown_protection
2021-05-14T00:00:00+00:00,GOLD,reject,"Active-Guardian: Current market conditions and recent trade outcomes suggest a high-risk environment. The recent win rate is low, and the current position is not favorable. Rejecting new entry to minimize further losses.",0.0,,,risk_management;drawdown_protection
2021-05-17T00:00:00+00:00,GOLD,reject,"Active-Guardian: Recent trade outcomes and market conditions suggest a high-risk environment. The recent win rate is low (20.0%), and the current market volatility ratio (0.86) indicates a need for caution. Given the current drawdown protection status is inactive but recent losses, it's prudent to reject new entries and reassess the strategy.",0.2,,,risk_management;market_assessment
2021-05-18T00:00:00+00:00,GOLD,reject,"Active-Guardian: Recent trade outcomes and market conditions suggest a high-risk environment. The recent win rate is low, and the current market volatility is not favorable for new entries. It's prudent to reject new trades and reassess market conditions before re-entering.",0.0,,,risk_management;market_assessment
2021-05-19T00:00:00+00:00,GOLD,reject,"Current market conditions and recent trade outcomes suggest a high-risk environment. The recent win rate is low, and the current volatility zone is ACTIVE but with a high RSI, indicating potential overbought conditions. It's prudent to reject new entries and reassess market conditions before re-entering.",0.0,,,risk_management;market_assessment
2021-05-20T00:00:00+00:00,GOLD,reject,"Active-Guardian: Current market conditions and recent trade outcomes suggest a high-risk environment. Recent win rate is 20.0%, and the account is in a losing streak. The Volatility Ratio (VR) is 0.60, indicating an ACTIVE (Green Zone) market, but given the recent losses, it's prudent to be cautious and reject new entries until market conditions improve or the strategy is reassessed.",0.0,,,risk_management;market_assessment
2021-05-21T00:00:00+00:00,GOLD,reject,"Recent trade outcomes and market conditions suggest a high-risk environment. The Volatility Ratio (VR) is 0.69, indicating an ACTIVE (Green Zone) market, but the recent win rate is low (20.0%). Given the current losing streak and the fact that the market may be volatile or the current strategy is being exploited, it's prudent to reject new entries and reassess the strategy.",0.0,,,risk_management;market_analysis
2021-05-24T00:00:00+00:00,GOLD,reject,"Active-Guardian: Current market conditions and recent trade outcomes suggest a high-risk environment. Recent win rate is low (20%), and the account is in a losing streak. It's prudent to reject new entries and reassess market conditions before re-entering.",0.2,,,risk_management;market_assessment
2021-05-25T00:00:00+00:00,GOLD,reject,"Active-Guardian: Current market conditions and recent trade outcomes suggest a high-risk environment. The recent win rate is low (20.0%), and the current market state (RSI14=76.15, MACD=31.794) indicates overbought conditions. Rejecting entry to minimize further losses and reassess market conditions.",0.0,,,risk_management;market_sentiment
2021-05-26T00:00:00+00:00,GOLD,reject,"Active-Guardian: Current market conditions and recent trade outcomes suggest a high-risk environment. The recent win rate is low, and the current volatility zone is ACTIVE, but the trend strength score and MACD crossover indicate a potential for further movement. However, given the recent losses and the low win rate, it's prudent to reject new entries and reassess the strategy.",0.2,,,risk_management;trend_following
2021-05-27T00:00:00+00:00,GOLD,reject,"Active-Guardian: Current market conditions and recent trade outcomes suggest a high-risk environment. The recent win rate is low (20.0%), and the current market sentiment is not favorable for a new entry. Rejecting new trades to minimize further losses.",0.2,,,risk_management;market_sentiment
2021-05-28T00:00:00+00:00,GOLD,reject,"Active-Guardian: Current market conditions and recent trade outcomes suggest a high-risk environment. The recent win rate is low (20%), and the current market sentiment is not favorable. Rejecting new entries to minimize further losses.",0.2,,,risk_management;trend_following
2021-05-31T00:00:00+00:00,GOLD,reject,"Active-Guardian: Current market conditions and recent trade outcomes suggest a high-risk environment. The recent win rate is low, and the current market sentiment does not support an entry. Rejecting entry to minimize further losses.",0.0,,,risk_management
2021-06-01T00:00:00+00:00,GOLD,reject,"Active-Guardian: Current market conditions and recent trade outcomes suggest a high-risk environment. The recent win rate is low, and the current market sentiment is not favorable. Rejecting entry to minimize further losses.",0.0,,,risk_management;market_sentiment
2021-06-02T00:00:00+00:00,GOLD,reject,"Active-Guardian: Current market conditions and recent trade outcomes suggest a high-risk environment. The recent win rate is low (20.0%), and the current market volatility ratio (0.80) indicates a need for caution. Given the recent losing streak and the low win rate, it's prudent to reject new entries and reassess the strategy.",0.0,,,risk_management;strategy_reassessment
2021-06-03T00:00:00+00:00,GOLD,reject,"Active-Guardian: Recent trade outcomes and market conditions suggest a high-risk environment. The Volatility Ratio is 0.91, indicating an ACTIVE (Green Zone) market, but the recent win rate is low (20.0%). Given the current market state and recent losses, it's prudent to reject new entries and reassess the strategy.",0.2,,,risk_management;market_sentiment
2021-06-04T00:00:00+00:00,GOLD,reject,"Active-Guardian: Recent trade outcomes and market conditions suggest a high-risk environment. The recent win rate is low, and the current market sentiment does not favor aggressive entries. It's prudent to reject new entries and reassess market conditions before re-entering.",0.0,,,risk_management;market_sentiment
2021-06-11T00:00:00+00:00,GOLD,reject,"Active-Guardian: Current market conditions and recent trade outcomes suggest a high-risk environment. Recent win rate is low (20.0%), and the current market state does not provide sufficient confluence for a new entry. Volatility Ratio (VR) is 0.85, indicating an ACTIVE (Green Zone) state, but given the recent losses, it's prudent to be cautious and avoid new entries until market conditions improve or the strategy is reassessed.",0.0,,,risk_management;market_assessment
2021-06-17T00:00:00+00:00,GOLD,reject,"Active-Guardian: Current market conditions and recent trade outcomes suggest a high-risk environment. The recent win rate is low (20.0%), and the current market state (RSI14=27.57, MACD bearish crossover) indicates a potential downtrend. Given the recent losing streak and the 'Green Zone' volatility classification, it's prudent to reject new entries and reassess the strategy.",0.0,,,risk_management;trend_analysis
2021-06-18T00:00:00+00:00,GOLD,reject,"Active-Guardian: Current market conditions and recent trade outcomes suggest a high-risk environment. The recent win rate is low, and the current market sentiment is bearish. It's prudent to reject new entries and reassess market conditions before re-entering.",0.0,,,risk_management;market_sentiment
2021-06-21T00:00:00+00:00,GOLD,reject,"Active-Guardian: Current market conditions and recent trade outcomes suggest a high-risk environment. The recent win rate is low (20.0%), and the current market state (bearish MACD crossover, RSI=31.88) indicates a need to reassess the strategy. Rejecting entry to minimize further losses.",0.0,,,risk_management;market_assessment
2021-06-22T00:00:00+00:00,GOLD,reject,"Active-Guardian: Current market conditions and recent trade outcomes suggest a high-risk environment. The recent win rate is low, and the current market sentiment does not favor an entry. It's prudent to reject the current signal and reassess market conditions before re-entering.",0.2,,,risk_management;market_sentiment
2021-06-23T00:00:00+00:00,GOLD,reject,"Active-Guardian: Current market conditions and recent trade outcomes suggest a high-risk environment. The recent win rate is low, and the current market sentiment is bearish. Rejecting entry to minimize further losses.",0.0,,,risk_management;market_sentiment
2021-06-24T00:00:00+00:00,GOLD,reject,"Active-Guardian: Current market conditions and recent trade outcomes suggest a high-risk environment. The recent win rate is low, and the current market sentiment is bearish. Rejecting entry to minimize further losses.",0.2,,,risk_management;market_sentiment
2021-06-25T00:00:00+00:00,GOLD,reject,"Active-Guardian: Current market conditions and recent trade outcomes suggest a high-risk environment. The recent win rate is low, and the current market sentiment does not favor new entries. Rejecting new trades to minimize further losses.",0.0,,,risk_management;drawdown_protection
2021-06-28T00:00:00+00:00,GOLD,reject,"Active-Guardian: Current market conditions and recent trade outcomes suggest a high-risk environment. The recent win rate is low, and the current market sentiment is bearish. Rejecting entry to minimize further losses.",0.0,,,risk_management;market_sentiment
2021-06-29T00:00:00+00:00,GOLD,reject,"Active-Guardian: Current market conditions and recent trade outcomes suggest a high-risk environment. The recent win rate is low, and the current market sentiment is bearish. Rejecting entry to minimize further losses.",0.0,,,risk_management;market_sentiment
2021-06-30T00:00:00+00:00,GOLD,reject,"Active-Guardian: Current market conditions and recent trade outcomes suggest a high-risk environment. The recent win rate is low, and the current market sentiment does not favor new entries. Rejecting new trades to minimize further losses.",0.0,,,risk_management;market_sentiment
2021-07-14T00:00:00+00:00,GOLD,reject,"Recent trade outcomes and market conditions suggest a high-risk environment. The Volatility Ratio (VR) is 0.89, indicating an ACTIVE (Green Zone) market, but the recent win rate is low (20.0%). Given the current losing streak and the need for a more selective approach, it's prudent to reject new entries and reassess the strategy.",0.2,,,risk_management;market_analysis
2021-07-29T00:00:00+00:00,GOLD,reject,"Active-Guardian: Current market conditions and recent trade outcomes suggest a high-risk environment. The recent win rate is low (20.0%), and the current market volatility ratio (0.88) indicates a need for caution. Given the recent losing streak and low confidence in the current market conditions, it's prudent to reject new entries and reassess the strategy.",0.2,,,risk_management;market_sentiment
2021-07-30T00:00:00+00:00,GOLD,reject,"Active-Guardian: Recent trade outcomes and market conditions suggest a high-risk environment. The recent win rate is low (20.0%), and the current market state (Volatility Ratio: 0.87, Trend Strength Score: 0.36) indicates a need for caution. Rejecting new entries to minimize further losses and reassess market conditions.",0.0,,,
2021-08-06T00:00:00+00:00,GOLD,reject,"Active-Guardian: Current market conditions and recent trade outcomes suggest a high-risk environment. The recent win rate is low (20.0%), and the current market sentiment indicates a need to reassess the strategy. Rejecting new entries to minimize further losses.",0.0,,,risk_management;market_sentiment
2021-08-09T00:00:00+00:00,GOLD,reject,"Active-Guardian: Current market conditions and recent trade outcomes suggest a high-risk environment. The recent win rate is low, and the current market volatility is high. Rejecting new entries to minimize further losses.",0.2,,,risk_management;market_sentiment
2021-08-10T00:00:00+00:00,GOLD,reject,"Active-Guardian: Current market conditions and recent trade outcomes suggest a high-risk environment. The recent win rate is low, and the current position is not favorable. Rejecting new entry to minimize further losses.",0.0,,,risk_management;drawdown_protection
2021-08-11T00:00:00+00:00,GOLD,reject,"Active-Guardian: Current market conditions and recent trade outcomes suggest a high-risk environment. The recent win rate is low, and the current market sentiment does not favor an entry. Rejecting entry to minimize potential losses.",0.0,,,risk_management;market_sentiment
2021-08-13T00:00:00+00:00,GOLD,reject,"Active-Guardian: Current market conditions and recent trade outcomes suggest a high-risk environment. The recent win rate is low, and the current market state is volatile. It's prudent to reject new entries and reassess market conditions before re-entering.",0.0,,,risk_management;market_sentiment
2021-08-23T00:00:00+00:00,GOLD,reject,"Active-Guardian: Current market conditions and recent trade outcomes suggest a high-risk environment. The recent win rate is low, and the current market sentiment is not favorable for entry. Rejecting entry to minimize further losses.",0.2,,,risk_management;market_sentiment
2021-08-25T00:00:00+00:00,GOLD,reject,"Active-Guardian: Recent trade outcomes and market conditions suggest a high-risk environment. The Volatility Ratio (VR) is 0.83, indicating a Green Zone, but the recent win rate is 20.0% and the account is in a losing streak. It's prudent to reject new entries and reassess market conditions before re-entering.",0.2,,,risk_management;market_assessment
2021-08-27T00:00:00+00:00,GOLD,reject,"Active-Guardian: Current market conditions and recent trade outcomes suggest a high-risk environment. The recent win rate is low (20.0%), and the current market sentiment is uncertain. Given the Volatility Ratio (VR) of 0.90, which indicates a relatively stable market, but considering the recent losses, it's prudent to reject new entries and reassess the strategy.",0.2,,,risk_management;market_sentiment
2021-09-03T00:00:00+00:00,GOLD,reject,"Active-Guardian: Current market conditions and recent trade outcomes suggest a high-risk environment. The recent win rate is low, and the current market state is volatile. It's prudent to reject new entries and reassess market conditions before re-entering.",0.0,,,risk_management;market_assessment
2021-09-06T00:00:00+00:00,GOLD,reject,"Active-Guardian: Current market conditions and recent trade outcomes suggest a high-risk environment. Recent win rate is low (20.0%), and the account is in a losing streak. It's prudent to reject new entries and reassess market conditions before re-entering.",0.2,,,risk_management;market_sentiment
2021-09-16T00:00:00+00:00,GOLD,reject,"Active-Guardian: Current market conditions and recent trade outcomes suggest a high-risk environment. The recent win rate is low, and the current market sentiment is bearish. Rejecting entry to minimize further losses.",0.0,,,risk_management;market_sentiment
2021-09-21T00:00:00+00:00,GOLD,reject,"Active-Guardian: Current market conditions and recent trade outcomes suggest a high-risk environment. The recent win rate is low, and the current market sentiment is bearish. Rejecting entry to minimize further losses.",0.0,,,risk_management;market_sentiment
2021-09-23T00:00:00+00:00,GOLD,reject,"Active-Guardian: Current market conditions and recent trade outcomes suggest a high-risk environment. The recent win rate is low, and the current market volatility is high. It's prudent to reject new entries and reassess market conditions before re-entering.",0.0,,,risk_management;market_assessment
2021-09-28T00:00:00+00:00,GOLD,reject,"Active-Guardian: Current market conditions and recent trade outcomes suggest a high-risk environment. The recent win rate is low, and the current market sentiment is bearish. Rejecting entry to minimize further losses.",0.0,,,risk_management;market_sentiment
2021-09-29T00:00:00+00:00,GOLD,reject,"Active-Guardian: Current market conditions and recent trade outcomes suggest a high-risk environment. The recent win rate is low, and the current market state is bearish. It's prudent to reject entries and reassess market conditions before re-entering.",0.2,,,risk_management;market_assessment
2021-09-30T00:00:00+00:00,GOLD,reject,"Active-Guardian: Current market conditions and recent trade outcomes suggest a high-risk environment. The recent win rate is low, and the current market sentiment is bearish. It's prudent to reject new entries and reassess market conditions before re-entering.",0.0,,,risk_management;market_sentiment
2021-10-13T00:00:00+00:00,GOLD,reject,"Active-Guardian: Recent trade outcomes and market conditions suggest a high-risk environment. The Volatility Ratio (VR) is 0.78, indicating an ACTIVE (Green Zone) market, but the recent win rate is 20.0%, and there's a losing streak. It's prudent to reject entries and reassess the strategy.",0.2,,,risk_management;market_analysis
2021-10-15T00:00:00+00:00,GOLD,reject,"Active-Guardian: Recent trade outcomes and market conditions suggest a high-risk environment. The recent win rate is low, and the current market state does not meet the required confluence factors for entry. It's prudent to reject new entries and reassess market conditions before re-entering.",0.2,,,risk_management;market_assessment
2021-10-20T00:00:00+00:00,GOLD,reject,"Active-Guardian: Current market conditions and recent trade outcomes suggest a high-risk environment. The recent win rate is low (20.0%), and the current market volatility ratio (0.92) indicates a need for caution. Rejecting entry to minimize further losses and reassess market conditions.",0.2,,,risk_management;market_sentiment
2021-10-22T00:00:00+00:00,GOLD,reject,"Active-Guardian: Current market conditions and recent trade outcomes suggest a high-risk environment. Recent win rate is low (20.0%), and the current Volatility Ratio (VR) is 0.86, indicating a need to reassess the strategy. Rejecting entry to minimize further losses.",0.2,,,risk_management;market_sentiment
2021-10-29T00:00:00+00:00,GOLD,reject,"Active-Guardian: Current market conditions and recent trade outcomes suggest a high-risk environment. Recent win rate is low (20.0%), and the account is in a losing streak. It's prudent to reject new entries and reassess market conditions before re-entering.",0.2,,,risk_management;market_sentiment
2021-11-03T00:00:00+00:00,GOLD,reject,"Active-Guardian: Current market conditions and recent trade outcomes suggest a high-risk environment. The recent win rate is low, and the current market sentiment is bearish. Rejecting entry to minimize further losses.",0.2,,,risk_management;market_sentiment
2021-11-04T00:00:00+00:00,GOLD,reject,"Active-Guardian: Current market conditions and recent trade outcomes suggest a high-risk environment. The recent win rate is low, and the Volatility Ratio indicates a need for caution. Rejecting entry to minimize further losses.",0.2,,,risk_management;market_sentiment
2021-11-05T00:00:00+00:00,GOLD,reject,"Active-Guardian: Current market conditions and recent trade outcomes suggest a high-risk environment. The recent win rate is low (20.0%), and the current market state is in the Green Zone, but the trend strength score is moderate (0.60). Given the recent losing streak and the low confidence level, it's prudent to reject new entries and reassess market conditions.",0.2,,,risk_management;market_sentiment
2021-11-10T00:00:00+00:00,GOLD,reject,"Active-Guardian: Current market conditions and recent trade outcomes suggest a high-risk environment. The recent win rate is low (20.0%), and the current Volatility Ratio (1.05) indicates a need for caution. Rejecting entry to minimize further losses.",0.2,,,risk_management;trend_following
2021-11-11T00:00:00+00:00,GOLD,entry,Active-Guardian: Market is in Green Zone. 1% risk enforced. Bullish MACD crossover and RSI above 50 detected. Decisive entry with tight protection.,0.8,MACD_crossover;RSI_above_50;EMA_alignment,indicator_crossover;trend_strength,trend_following;mean_reversion
2021-11-12T00:00:00+00:00,GOLD,hold,"Active-Guardian: Current market conditions suggest a high-risk environment. The recent win rate is low, and the current position is in a small profit. Holding the current long position to minimize further losses and reassess market conditions.",0.8,EMA_alignment;RSI_bullish;MACD_crossover,indicator_crossover;trend_strength,trend_following;mean_reversion
2021-11-15T00:00:00+00:00,GOLD,close,"Active-Guardian: Current market conditions and recent trade outcomes suggest a high-risk environment. The recent win rate is low, and the current position is in a loss. Closing the current long position to minimize further losses.",0.8,,,risk_management
2021-11-17T00:00:00+00:00,GOLD,reject,"Active-Guardian: Current market conditions and recent trade outcomes suggest a high-risk environment. The recent win rate is low (30.0%), and the current market volatility ratio (0.99) indicates a need for caution. Given the recent losing streak and the current market sentiment, it's prudent to reject new entries and reassess the strategy.",0.2,,,risk_management;market_sentiment
2021-11-22T00:00:00+00:00,GOLD,reject,"Active-Guardian: Current market conditions and recent trade outcomes suggest a high-risk environment. The recent win rate is low, and the current volatility ratio is 0.95, indicating a need to reassess the strategy. Rejecting new entries due to high-risk conditions and recent losing streak.",0.2,,,risk_management;market_assessment
2021-11-23T00:00:00+00:00,GOLD,reject,"Active-Guardian: Current market conditions and recent trade outcomes suggest a high-risk environment. The recent win rate is low, and the current market sentiment is bearish. Rejecting entry to minimize further losses.",0.2,,,risk_management;market_sentiment
2021-12-02T00:00:00+00:00,GOLD,reject,"Active-Guardian: Current market conditions and recent trade outcomes suggest a high-risk environment. The recent win rate is low, and the current market sentiment is bearish. Rejecting entry to minimize further losses.",0.0,,,risk_management;market_sentiment
2021-12-03T00:00:00+00:00,GOLD,reject,"Active-Guardian: Current market conditions and recent trade outcomes suggest a high-risk environment. The recent win rate is 30.0%, and the current market sentiment is bearish. Rejecting entry due to low confidence and high risk.",0.2,,,risk_management;market_sentiment
2021-12-14T00:00:00+00:00,GOLD,reject,"Active-Guardian: Current market conditions and recent trade outcomes suggest a high-risk environment. Recent win rate is 30.0%, and the account is in a losing streak. It's prudent to reject new entries and reassess market conditions before re-entering.",0.0,,,risk_management;market_assessment
2021-12-16T00:00:00+00:00,GOLD,reject,"Active-Guardian: Current market conditions and recent trade outcomes suggest a high-risk environment. The recent win rate is low, and the current market sentiment is bearish. Rejecting entry to minimize further losses.",0.2,,,risk_management;market_sentiment
2021-12-31T00:00:00+00:00,GOLD,reject,"Active-Guardian: Current market conditions and recent trade outcomes suggest a high-risk environment. The recent win rate is low, and the current market sentiment is not favorable. Rejecting entry to minimize further losses.",0.2,,,risk_management;market_sentiment
