timestamp,total_balance,total_equity,total_return_pct,num_positions,position_details,total_margin,net_unrealized_pnl,btc_price
2008-01-02T00:00:00+00:00,1000.00,1000.00,0.00,0,No positions,0.00,0.00,
2008-01-03T00:00:00+00:00,848.20,999.87,-0.01,1,GOLD:long:0.5236@869.1000,151.68,-0.00,
2008-01-04T00:00:00+00:00,848.20,998.09,-0.19,1,GOLD:long:0.5236@869.1000,151.68,-1.78,
2008-01-07T00:00:00+00:00,995.91,995.91,-0.41,0,No positions,0.00,0.00,
2008-01-08T00:00:00+00:00,923.33,995.85,-0.42,1,GOLD:long:0.2471@880.3000,72.51,0.00,
2008-01-09T00:00:00+00:00,923.33,996.19,-0.38,1,GOLD:long:0.2471@880.3000,72.51,0.35,
2008-01-10T00:00:00+00:00,923.33,999.14,-0.09,1,GOLD:long:0.2471@880.3000,72.51,3.29,
2008-01-11T00:00:00+00:00,923.33,1000.15,0.01,1,GOLD:long:0.2471@880.3000,72.51,4.30,
2008-01-14T00:00:00+00:00,923.33,1001.56,0.16,1,GOLD:long:0.2471@880.3000,72.51,5.71,
2008-01-15T00:00:00+00:00,923.33,1001.36,0.14,1,GOLD:long:0.2471@880.3000,72.51,5.51,
2008-01-16T00:00:00+00:00,923.33,996.27,-0.37,1,GOLD:long:0.2471@880.3000,72.51,0.42,
2008-01-17T00:00:00+00:00,923.33,995.90,-0.41,1,GOLD:long:0.2471@880.3000,72.51,0.05,
2008-01-18T00:00:00+00:00,923.33,996.19,-0.38,1,GOLD:long:0.2471@880.3000,72.51,0.35,
2008-01-22T00:00:00+00:00,923.33,998.32,-0.17,1,GOLD:long:0.2471@880.3000,72.51,2.47,
2008-01-23T00:00:00+00:00,923.33,996.54,-0.35,1,GOLD:long:0.2471@880.3000,72.51,0.69,
2008-01-24T00:00:00+00:00,923.33,1002.15,0.22,1,GOLD:long:0.2471@880.3000,72.51,6.30,
2008-01-25T00:00:00+00:00,934.14,1005.44,0.54,1,GOLD:long:0.3914@910.7000,71.30,0.00,
2008-01-28T00:00:00+00:00,934.14,1011.86,1.19,1,GOLD:long:0.3914@910.7000,71.30,6.42,
2008-01-29T00:00:00+00:00,934.14,1011.08,1.11,1,GOLD:long:0.3914@910.7000,71.30,5.64,
2008-01-30T00:00:00+00:00,944.21,1014.66,1.47,1,GOLD:long:0.3802@926.3000,70.44,-0.00,
2008-01-31T00:00:00+00:00,944.21,1015.30,1.53,1,GOLD:long:0.3802@926.3000,70.44,0.65,
2008-02-01T00:00:00+00:00,1009.60,1009.60,0.96,0,No positions,0.00,0.00,
2008-02-04T00:00:00+00:00,1009.60,1009.60,0.96,0,No positions,0.00,0.00,
2008-02-05T00:00:00+00:00,921.76,1009.48,0.95,1,GOLD:long:0.4926@890.3000,87.71,-0.00,
2008-02-06T00:00:00+00:00,921.76,1016.72,1.67,1,GOLD:long:0.4926@890.3000,87.71,7.24,
2008-02-07T00:00:00+00:00,921.76,1019.18,1.92,1,GOLD:long:0.4926@890.3000,87.71,9.70,
2008-02-08T00:00:00+00:00,954.58,1023.77,2.38,1,GOLD:long:0.3751@922.3000,69.19,0.00,
2008-02-11T00:00:00+00:00,954.58,1025.42,2.54,1,GOLD:long:0.3751@922.3000,69.19,1.65,
2008-02-12T00:00:00+00:00,1019.38,1019.38,1.94,0,No positions,0.00,0.00,
2008-02-13T00:00:00+00:00,1019.38,1019.38,1.94,0,No positions,0.00,0.00,
2008-02-14T00:00:00+00:00,1019.38,1019.38,1.94,0,No positions,0.00,0.00,
2008-02-15T00:00:00+00:00,1019.38,1019.38,1.94,0,No positions,0.00,0.00,
2008-02-19T00:00:00+00:00,829.62,1019.11,1.91,1,GOLD:long:1.0190@929.8000,189.49,0.00,
2008-02-20T00:00:00+00:00,902.05,1008.26,0.83,1,GOLD:long:0.5663@937.8000,106.21,0.00,
2008-02-21T00:00:00+00:00,902.05,1014.72,1.47,1,GOLD:long:0.5663@937.8000,106.21,6.46,
2008-02-22T00:00:00+00:00,902.05,1013.92,1.39,1,GOLD:long:0.5663@937.8000,106.21,5.66,
2008-02-25T00:00:00+00:00,902.05,1009.79,0.98,1,GOLD:long:0.5663@937.8000,106.21,1.53,
2008-02-26T00:00:00+00:00,902.05,1014.55,1.45,1,GOLD:long:0.5663@937.8000,106.21,6.29,
2008-02-27T00:00:00+00:00,929.61,1023.24,2.32,1,GOLD:long:0.4871@961.0000,93.63,-0.00,
2008-02-28T00:00:00+00:00,929.61,1026.41,2.64,1,GOLD:long:0.4871@961.0000,93.63,3.17,
2008-02-29T00:00:00+00:00,929.61,1030.06,3.01,1,GOLD:long:0.4871@961.0000,93.63,6.82,
2008-03-03T00:00:00+00:00,929.61,1034.54,3.45,1,GOLD:long:0.4871@961.0000,93.63,11.30,
2008-03-04T00:00:00+00:00,929.61,1025.82,2.58,1,GOLD:long:0.4871@961.0000,93.63,2.58,
2008-03-05T00:00:00+00:00,929.61,1036.64,3.66,1,GOLD:long:0.4871@961.0000,93.63,13.40,
2008-03-06T00:00:00+00:00,929.61,1031.08,3.11,1,GOLD:long:0.4871@961.0000,93.63,7.84,
2008-03-07T00:00:00+00:00,929.61,1029.67,2.97,1,GOLD:long:0.4871@961.0000,93.63,6.43,
2008-03-10T00:00:00+00:00,929.61,1028.50,2.85,1,GOLD:long:0.4871@961.0000,93.63,5.26,
2008-03-11T00:00:00+00:00,929.61,1030.55,3.05,1,GOLD:long:0.4871@961.0000,93.63,7.31,
2008-03-12T00:00:00+00:00,929.61,1032.74,3.27,1,GOLD:long:0.4871@961.0000,93.63,9.50,
2008-03-13T00:00:00+00:00,969.96,1041.88,4.19,1,GOLD:long:0.3618@993.8000,71.91,0.00,
2008-03-14T00:00:00+00:00,969.96,1043.94,4.39,1,GOLD:long:0.3618@993.8000,71.91,2.06,
2008-03-17T00:00:00+00:00,959.41,1052.83,5.28,1,GOLD:long:0.4659@1002.6000,93.43,-0.00,
2008-03-18T00:00:00+00:00,933.46,1041.90,4.19,1,GOLD:long:0.5399@1004.3000,108.44,0.00,
2008-03-19T00:00:00+00:00,954.04,1031.08,3.11,1,GOLD:long:0.4075@945.3000,77.04,-0.00,
2008-03-20T00:00:00+00:00,926.50,1020.43,2.04,1,GOLD:long:0.5105@920.0000,93.93,0.00,
2008-03-24T00:00:00+00:00,1019.51,1019.51,1.95,0,No positions,0.00,0.00,
2008-03-25T00:00:00+00:00,1019.51,1019.51,1.95,0,No positions,0.00,0.00,
2008-03-26T00:00:00+00:00,1019.51,1019.51,1.95,0,No positions,0.00,0.00,
2008-03-27T00:00:00+00:00,1019.51,1019.51,1.95,0,No positions,0.00,0.00,
2008-03-28T00:00:00+00:00,947.39,1019.41,1.94,1,GOLD:long:0.3845@936.5000,72.02,0.00,
2008-03-31T00:00:00+00:00,1013.45,1013.45,1.34,0,No positions,0.00,0.00,
2008-04-01T00:00:00+00:00,940.82,1013.35,1.33,1,GOLD:long:0.4085@887.8000,72.53,-0.00,
2008-04-02T00:00:00+00:00,940.82,1018.41,1.84,1,GOLD:long:0.4085@887.8000,72.53,5.07,
2008-04-03T00:00:00+00:00,940.82,1022.25,2.23,1,GOLD:long:0.4085@887.8000,72.53,8.90,
2008-04-04T00:00:00+00:00,940.82,1023.72,2.37,1,GOLD:long:0.4085@887.8000,72.53,10.38,
2008-04-07T00:00:00+00:00,956.32,1027.42,2.74,1,GOLD:long:0.3836@926.8000,71.10,-0.00,
2008-04-08T00:00:00+00:00,1023.85,1023.85,2.39,0,No positions,0.00,0.00,
2008-04-09T00:00:00+00:00,959.77,1023.77,2.38,1,GOLD:long:0.3413@937.5000,64.00,0.00,
2008-04-10T00:00:00+00:00,1021.64,1021.64,2.16,0,No positions,0.00,0.00,
2008-04-11T00:00:00+00:00,1021.64,1021.64,2.16,0,No positions,0.00,0.00,
2008-04-14T00:00:00+00:00,1021.64,1021.64,2.16,0,No positions,0.00,0.00,
2008-04-15T00:00:00+00:00,1021.64,1021.64,2.16,0,No positions,0.00,0.00,
2008-04-16T00:00:00+00:00,953.06,1021.55,2.16,1,GOLD:long:0.3611@948.3000,68.49,0.00,
2008-04-17T00:00:00+00:00,1019.41,1019.41,1.94,0,No positions,0.00,0.00,
2008-04-18T00:00:00+00:00,926.95,1019.29,1.93,1,GOLD:long:0.5045@915.2000,92.34,0.00,
2008-04-21T00:00:00+00:00,926.95,1020.50,2.05,1,GOLD:long:0.5045@915.2000,92.34,1.21,
2008-04-22T00:00:00+00:00,926.95,1024.33,2.43,1,GOLD:long:0.5045@915.2000,92.34,5.04,
2008-04-23T00:00:00+00:00,1015.91,1015.91,1.59,0,No positions,0.00,0.00,
2008-04-24T00:00:00+00:00,922.62,1015.78,1.58,1,GOLD:long:0.5237@889.4000,93.16,0.00,
2008-04-25T00:00:00+00:00,922.62,1015.93,1.59,1,GOLD:long:0.5237@889.4000,93.16,0.16,
2008-04-28T00:00:00+00:00,922.62,1018.97,1.90,1,GOLD:long:0.5237@889.4000,93.16,3.19,
2008-04-29T00:00:00+00:00,1008.92,1008.92,0.89,0,No positions,0.00,0.00,
2008-04-30T00:00:00+00:00,959.12,1008.86,0.89,1,GOLD:long:0.2875@865.1000,49.74,0.00,
2008-05-01T00:00:00+00:00,1004.64,1004.64,0.46,0,No positions,0.00,0.00,
2008-05-02T00:00:00+00:00,942.96,1004.55,0.46,1,GOLD:long:0.3589@858.0000,61.59,0.00,
2008-05-05T00:00:00+00:00,942.96,1010.33,1.03,1,GOLD:long:0.3589@858.0000,61.59,5.78,
2008-05-06T00:00:00+00:00,1012.28,1012.28,1.23,0,No positions,0.00,0.00,
2008-05-07T00:00:00+00:00,1012.28,1012.28,1.23,0,No positions,0.00,0.00,
2008-05-08T00:00:00+00:00,1012.28,1012.28,1.23,0,No positions,0.00,0.00,
2008-05-09T00:00:00+00:00,1012.28,1012.28,1.23,0,No positions,0.00,0.00,
2008-05-12T00:00:00+00:00,1012.28,1012.28,1.23,0,No positions,0.00,0.00,
2008-05-13T00:00:00+00:00,940.63,1012.18,1.22,1,GOLD:long:0.4114@869.6000,71.55,0.00,
2008-05-14T00:00:00+00:00,1010.71,1010.71,1.07,0,No positions,0.00,0.00,
2008-05-15T00:00:00+00:00,921.62,1010.59,1.06,1,GOLD:long:0.5055@880.0000,88.97,-0.00,
2008-05-16T00:00:00+00:00,921.62,1020.65,2.06,1,GOLD:long:0.5055@880.0000,88.97,10.06,
2008-05-19T00:00:00+00:00,921.62,1023.63,2.36,1,GOLD:long:0.5055@880.0000,88.97,13.04,
2008-05-20T00:00:00+00:00,936.49,1030.43,3.04,1,GOLD:long:0.5104@920.2000,93.93,-0.00,
2008-05-21T00:00:00+00:00,936.49,1034.71,3.47,1,GOLD:long:0.5104@920.2000,93.93,4.29,
2008-05-22T00:00:00+00:00,1029.20,1029.20,2.92,0,No positions,0.00,0.00,
2008-05-23T00:00:00+00:00,908.44,1029.03,2.90,1,GOLD:long:0.6513@925.8000,120.59,-0.00,
2008-05-26T00:00:00+00:00,908.44,1031.12,3.11,1,GOLD:long:0.6513@925.8000,120.59,2.08,
2008-05-27T00:00:00+00:00,874.92,1018.22,1.82,1,GOLD:long:0.7891@907.9000,143.29,0.00,
2008-05-28T00:00:00+00:00,919.06,1007.52,0.75,1,GOLD:long:0.4912@900.5000,88.47,-0.00,
2008-05-29T00:00:00+00:00,846.74,997.01,-0.30,1,GOLD:long:0.8521@881.7000,150.27,-0.00,
2008-05-30T00:00:00+00:00,846.74,1005.36,0.54,1,GOLD:long:0.8521@881.7000,150.27,8.35,
2008-06-02T00:00:00+00:00,846.74,1010.04,1.00,1,GOLD:long:0.8521@881.7000,150.27,13.04,
2008-06-03T00:00:00+00:00,846.74,1000.24,0.02,1,GOLD:long:0.8521@881.7000,150.27,3.24,
2008-06-04T00:00:00+00:00,846.74,998.80,-0.12,1,GOLD:long:0.8521@881.7000,150.27,1.79,
2008-06-05T00:00:00+00:00,986.63,986.63,-1.34,0,No positions,0.00,0.00,
2008-06-06T00:00:00+00:00,986.63,986.63,-1.34,0,No positions,0.00,0.00,
2008-06-09T00:00:00+00:00,986.63,986.63,-1.34,0,No positions,0.00,0.00,
2008-06-10T00:00:00+00:00,986.63,986.63,-1.34,0,No positions,0.00,0.00,
2008-06-11T00:00:00+00:00,986.63,986.63,-1.34,0,No positions,0.00,0.00,
2008-06-12T00:00:00+00:00,986.63,986.63,-1.34,0,No positions,0.00,0.00,
2008-06-13T00:00:00+00:00,986.63,986.63,-1.34,0,No positions,0.00,0.00,
2008-06-16T00:00:00+00:00,986.63,986.63,-1.34,0,No positions,0.00,0.00,
2008-06-17T00:00:00+00:00,986.63,986.63,-1.34,0,No positions,0.00,0.00,
2008-06-18T00:00:00+00:00,986.63,986.63,-1.34,0,No positions,0.00,0.00,
2008-06-19T00:00:00+00:00,927.05,986.54,-1.35,1,GOLD:long:0.3290@904.2000,59.50,-0.00,
2008-06-20T00:00:00+00:00,986.22,986.22,-1.38,0,No positions,0.00,0.00,
2008-06-23T00:00:00+00:00,921.81,986.13,-1.39,1,GOLD:long:0.3625@887.2000,64.32,0.00,
2008-06-24T00:00:00+00:00,921.81,987.72,-1.23,1,GOLD:long:0.3625@887.2000,64.32,1.60,
2008-06-25T00:00:00+00:00,921.81,984.35,-1.56,1,GOLD:long:0.3625@887.2000,64.32,-1.78,
2008-06-26T00:00:00+00:00,945.74,997.77,-0.22,1,GOLD:long:0.2843@915.1000,52.03,0.00,
2008-06-27T00:00:00+00:00,945.74,1002.37,0.24,1,GOLD:long:0.2843@915.1000,52.03,4.61,
2008-06-30T00:00:00+00:00,945.74,1001.52,0.15,1,GOLD:long:0.2843@915.1000,52.03,3.75,
2008-07-01T00:00:00+00:00,945.74,1006.12,0.61,1,GOLD:long:0.2843@915.1000,52.03,8.36,
2008-07-02T00:00:00+00:00,945.74,1006.69,0.67,1,GOLD:long:0.2843@915.1000,52.03,8.93,
2008-07-03T00:00:00+00:00,911.97,1007.41,0.74,1,GOLD:long:0.5112@933.6000,95.44,0.00,
2008-07-04T00:00:00+00:00,911.97,1008.48,0.85,1,GOLD:long:0.5112@933.6000,95.44,1.07,
2008-07-07T00:00:00+00:00,911.97,1004.96,0.50,1,GOLD:long:0.5112@933.6000,95.44,-2.45,
2008-07-08T00:00:00+00:00,997.07,997.07,-0.29,0,No positions,0.00,0.00,
2008-07-09T00:00:00+00:00,997.07,997.07,-0.29,0,No positions,0.00,0.00,
2008-07-10T00:00:00+00:00,938.29,996.99,-0.30,1,GOLD:long:0.3116@942.0000,58.70,0.00,
2008-07-11T00:00:00+00:00,938.29,1002.79,0.28,1,GOLD:long:0.3116@942.0000,58.70,5.80,
2008-07-14T00:00:00+00:00,938.29,1006.87,0.69,1,GOLD:long:0.3116@942.0000,58.70,9.88,
2008-07-15T00:00:00+00:00,903.01,1008.52,0.85,1,GOLD:long:0.5390@978.7000,105.51,0.00,
2008-07-16T00:00:00+00:00,928.55,998.06,-0.19,1,GOLD:long:0.3610@962.7000,69.51,-0.00,
2008-07-17T00:00:00+00:00,928.55,1000.95,0.09,1,GOLD:long:0.3610@962.7000,69.51,2.89,
2008-07-18T00:00:00+00:00,996.17,996.17,-0.38,0,No positions,0.00,0.00,
2008-07-21T00:00:00+00:00,996.17,996.17,-0.38,0,No positions,0.00,0.00,
2008-07-22T00:00:00+00:00,929.78,996.08,-0.39,1,GOLD:long:0.3495@948.5000,66.30,-0.00,
2008-07-23T00:00:00+00:00,920.39,985.85,-1.42,1,GOLD:long:0.3547@922.8000,65.46,0.00,
2008-07-24T00:00:00+00:00,985.49,985.49,-1.45,0,No positions,0.00,0.00,
2008-07-25T00:00:00+00:00,985.49,985.49,-1.45,0,No positions,0.00,0.00,
2008-07-28T00:00:00+00:00,985.49,985.49,-1.45,0,No positions,0.00,0.00,
2008-07-29T00:00:00+00:00,985.49,985.49,-1.45,0,No positions,0.00,0.00,
2008-07-30T00:00:00+00:00,985.49,985.49,-1.45,0,No positions,0.00,0.00,
2008-07-31T00:00:00+00:00,882.65,985.35,-1.46,1,GOLD:long:0.5565@922.7000,102.70,0.00,
2008-08-01T00:00:00+00:00,982.17,982.17,-1.78,0,No positions,0.00,0.00,
2008-08-04T00:00:00+00:00,924.22,982.10,-1.79,1,GOLD:long:0.3187@907.9000,57.87,0.00,
2008-08-05T00:00:00+00:00,974.99,974.99,-2.50,0,No positions,0.00,0.00,
2008-08-06T00:00:00+00:00,974.99,974.99,-2.50,0,No positions,0.00,0.00,
2008-08-07T00:00:00+00:00,913.55,974.91,-2.51,1,GOLD:long:0.3495@877.9000,61.36,-0.00,
2008-08-08T00:00:00+00:00,970.16,970.16,-2.98,0,No positions,0.00,0.00,
2008-08-11T00:00:00+00:00,970.16,970.16,-2.98,0,No positions,0.00,0.00,
2008-08-12T00:00:00+00:00,970.16,970.16,-2.98,0,No positions,0.00,0.00,
2008-08-13T00:00:00+00:00,970.16,970.16,-2.98,0,No positions,0.00,0.00,
2008-08-14T00:00:00+00:00,970.16,970.16,-2.98,0,No positions,0.00,0.00,
2008-08-15T00:00:00+00:00,970.16,970.16,-2.98,0,No positions,0.00,0.00,
2008-08-18T00:00:00+00:00,970.16,970.16,-2.98,0,No positions,0.00,0.00,
2008-08-19T00:00:00+00:00,970.16,970.16,-2.98,0,No positions,0.00,0.00,
2008-08-20T00:00:00+00:00,970.16,970.16,-2.98,0,No positions,0.00,0.00,
2008-08-21T00:00:00+00:00,970.16,970.16,-2.98,0,No positions,0.00,0.00,
2008-08-22T00:00:00+00:00,970.16,970.16,-2.98,0,No positions,0.00,0.00,
2008-08-25T00:00:00+00:00,970.16,970.16,-2.98,0,No positions,0.00,0.00,
2008-08-26T00:00:00+00:00,970.16,970.16,-2.98,0,No positions,0.00,0.00,
2008-08-27T00:00:00+00:00,970.16,970.16,-2.98,0,No positions,0.00,0.00,
2008-08-28T00:00:00+00:00,970.16,970.16,-2.98,0,No positions,0.00,0.00,
2008-08-29T00:00:00+00:00,970.16,970.16,-2.98,0,No positions,0.00,0.00,
2008-09-02T00:00:00+00:00,970.16,970.16,-2.98,0,No positions,0.00,0.00,
2008-09-03T00:00:00+00:00,970.16,970.16,-2.98,0,No positions,0.00,0.00,
2008-09-04T00:00:00+00:00,902.90,970.07,-2.99,1,GOLD:long:0.4181@803.2000,67.16,0.00,
2008-09-05T00:00:00+00:00,888.66,976.78,-2.32,1,GOLD:long:0.5489@802.8000,88.13,-0.00,
2008-09-08T00:00:00+00:00,892.96,983.11,-1.69,1,GOLD:long:0.5617@802.5000,90.16,0.00,
2008-09-09T00:00:00+00:00,924.81,972.97,-2.70,1,GOLD:long:0.3041@792.0000,48.16,-0.00,
2008-09-10T00:00:00+00:00,928.51,963.06,-3.69,1,GOLD:long:0.2266@762.5000,34.55,-0.00,
2008-09-11T00:00:00+00:00,959.12,959.12,-4.09,0,No positions,0.00,0.00,
2008-09-12T00:00:00+00:00,899.19,959.04,-4.10,1,GOLD:long:0.3914@764.5000,59.85,0.00,
2008-09-15T00:00:00+00:00,899.19,967.84,-3.22,1,GOLD:long:0.3914@764.5000,59.85,8.81,
2008-09-16T00:00:00+00:00,899.19,965.30,-3.47,1,GOLD:long:0.3914@764.5000,59.85,6.26,
2008-09-17T00:00:00+00:00,922.11,976.60,-2.34,1,GOLD:long:0.3203@850.5000,54.49,0.00,
2008-09-18T00:00:00+00:00,958.80,982.63,-1.74,1,GOLD:long:0.2657@897.0000,23.83,-0.00,
2008-09-19T00:00:00+00:00,941.87,972.63,-2.74,1,GOLD:long:0.1779@864.7000,30.76,0.00,
2008-09-22T00:00:00+00:00,941.87,980.51,-1.95,1,GOLD:long:0.1779@864.7000,30.76,7.88,
2008-09-23T00:00:00+00:00,941.87,977.34,-2.27,1,GOLD:long:0.1779@864.7000,30.76,4.71,
2008-09-24T00:00:00+00:00,941.87,978.02,-2.20,1,GOLD:long:0.1779@864.7000,30.76,5.39,
2008-09-25T00:00:00+00:00,941.87,975.71,-2.43,1,GOLD:long:0.1779@864.7000,30.76,3.08,
2008-09-26T00:00:00+00:00,982.38,982.38,-1.76,0,No positions,0.00,0.00,
2008-09-29T00:00:00+00:00,982.38,982.38,-1.76,0,No positions,0.00,0.00,
2008-09-30T00:00:00+00:00,939.90,982.32,-1.77,1,GOLD:long:0.2408@880.8000,42.42,0.00,
2008-10-01T00:00:00+00:00,939.90,983.89,-1.61,1,GOLD:long:0.2408@880.8000,42.42,1.57,
2008-10-02T00:00:00+00:00,939.50,972.34,-2.77,1,GOLD:long:0.1945@844.3000,32.84,0.00,
2008-10-03T00:00:00+00:00,970.09,970.09,-2.99,0,No positions,0.00,0.00,
2008-10-06T00:00:00+00:00,905.86,970.00,-3.00,1,GOLD:long:0.3703@866.2000,64.15,0.00,
2008-10-07T00:00:00+00:00,937.46,978.58,-2.14,1,GOLD:long:0.2331@882.0000,41.12,-0.00,
2008-10-08T00:00:00+00:00,938.23,987.25,-1.27,1,GOLD:long:0.2704@906.5000,49.03,0.00,
2008-10-09T00:00:00+00:00,981.71,981.71,-1.83,0,No positions,0.00,0.00,
2008-10-10T00:00:00+00:00,947.24,981.66,-1.83,1,GOLD:long:0.2003@859.0000,34.42,0.00,
2008-10-13T00:00:00+00:00,978.26,978.26,-2.17,0,No positions,0.00,0.00,
2008-10-14T00:00:00+00:00,978.26,978.26,-2.17,0,No positions,0.00,0.00,
2008-10-15T00:00:00+00:00,978.26,978.26,-2.17,0,No positions,0.00,0.00,
2008-10-16T00:00:00+00:00,913.95,978.18,-2.18,1,GOLD:long:0.3992@804.5000,64.23,-0.00,
2008-10-17T00:00:00+00:00,927.72,968.17,-3.18,1,GOLD:long:0.2568@787.7000,40.45,-0.00,
2008-10-20T00:00:00+00:00,968.65,968.65,-3.14,0,No positions,0.00,0.00,
2008-10-21T00:00:00+00:00,915.42,968.57,-3.14,1,GOLD:long:0.3461@768.0000,53.16,-0.00,
2008-10-22T00:00:00+00:00,958.74,958.74,-4.13,0,No positions,0.00,0.00,
2008-10-23T00:00:00+00:00,919.85,958.69,-4.13,1,GOLD:short:0.2717@714.7000,38.83,0.00,
2008-10-24T00:00:00+00:00,948.99,948.99,-5.10,0,No positions,0.00,0.00,
2008-10-27T00:00:00+00:00,948.99,948.99,-5.10,0,No positions,0.00,0.00,
2008-10-28T00:00:00+00:00,948.99,948.99,-5.10,0,No positions,0.00,0.00,
2008-10-29T00:00:00+00:00,948.99,948.99,-5.10,0,No positions,0.00,0.00,
2008-10-30T00:00:00+00:00,948.99,948.99,-5.10,0,No positions,0.00,0.00,
2008-10-31T00:00:00+00:00,948.99,948.99,-5.10,0,No positions,0.00,0.00,
2008-11-03T00:00:00+00:00,948.99,948.99,-5.10,0,No positions,0.00,0.00,
2008-11-04T00:00:00+00:00,948.99,948.99,-5.10,0,No positions,0.00,0.00,
2008-11-05T00:00:00+00:00,948.99,948.99,-5.10,0,No positions,0.00,0.00,
2008-11-06T00:00:00+00:00,948.99,948.99,-5.10,0,No positions,0.00,0.00,
2008-11-07T00:00:00+00:00,948.99,948.99,-5.10,0,No positions,0.00,0.00,
2008-11-10T00:00:00+00:00,910.11,948.93,-5.11,1,GOLD:long:0.2600@746.5000,38.82,-0.00,
2008-11-11T00:00:00+00:00,945.27,945.27,-5.47,0,No positions,0.00,0.00,
2008-11-12T00:00:00+00:00,909.77,945.22,-5.48,1,GOLD:long:0.2467@718.3000,35.45,0.00,
2008-11-13T00:00:00+00:00,941.84,941.84,-5.82,0,No positions,0.00,0.00,
2008-11-14T00:00:00+00:00,890.90,941.77,-5.82,1,GOLD:long:0.3425@742.5000,50.87,0.00,
2008-11-17T00:00:00+00:00,941.46,941.46,-5.85,0,No positions,0.00,0.00,
2008-11-18T00:00:00+00:00,891.61,941.39,-5.86,1,GOLD:long:0.3397@732.7000,49.78,0.00,
2008-11-19T00:00:00+00:00,948.83,948.83,-5.12,0,No positions,0.00,0.00,
2008-11-20T00:00:00+00:00,948.83,948.83,-5.12,0,No positions,0.00,0.00,
2008-11-21T00:00:00+00:00,948.83,948.83,-5.12,0,No positions,0.00,0.00,
2008-11-24T00:00:00+00:00,948.83,948.83,-5.12,0,No positions,0.00,0.00,
2008-11-25T00:00:00+00:00,948.83,948.83,-5.12,0,No positions,0.00,0.00,
2008-11-26T00:00:00+00:00,948.83,948.83,-5.12,0,No positions,0.00,0.00,
2008-11-28T00:00:00+00:00,908.91,948.77,-5.12,1,GOLD:long:0.2433@819.0000,39.86,-0.00,
2008-12-01T00:00:00+00:00,895.70,939.11,-6.09,1,GOLD:long:0.2795@776.8000,43.42,0.00,
2008-12-02T00:00:00+00:00,895.70,940.93,-5.91,1,GOLD:long:0.2795@776.8000,43.42,1.82,
2008-12-03T00:00:00+00:00,937.23,937.23,-6.28,0,No positions,0.00,0.00,
2008-12-04T00:00:00+00:00,937.23,937.23,-6.28,0,No positions,0.00,0.00,
2008-12-05T00:00:00+00:00,873.65,937.15,-6.29,1,GOLD:long:0.4221@752.2000,63.50,-0.00,
2008-12-08T00:00:00+00:00,944.48,944.48,-5.55,0,No positions,0.00,0.00,
2008-12-09T00:00:00+00:00,944.48,944.48,-5.55,0,No positions,0.00,0.00,
2008-12-10T00:00:00+00:00,905.07,944.43,-5.56,1,GOLD:long:0.2433@808.8000,39.36,0.00,
2008-12-11T00:00:00+00:00,905.07,948.76,-5.12,1,GOLD:long:0.2433@808.8000,39.36,4.33,
2008-12-12T00:00:00+00:00,905.07,947.28,-5.27,1,GOLD:long:0.2433@808.8000,39.36,2.85,
2008-12-15T00:00:00+00:00,905.07,951.17,-4.88,1,GOLD:long:0.2433@808.8000,39.36,6.74,
2008-12-16T00:00:00+00:00,954.34,954.34,-4.57,0,No positions,0.00,0.00,
2008-12-17T00:00:00+00:00,911.24,954.28,-4.57,1,GOLD:long:0.2478@868.5000,43.04,0.00,
2008-12-18T00:00:00+00:00,952.21,952.21,-4.78,0,No positions,0.00,0.00,
2008-12-19T00:00:00+00:00,893.94,952.13,-4.79,1,GOLD:long:0.3474@837.4000,58.19,0.00,
2008-12-22T00:00:00+00:00,893.94,955.53,-4.45,1,GOLD:long:0.3474@837.4000,58.19,3.40,
2008-12-23T00:00:00+00:00,952.21,952.21,-4.78,0,No positions,0.00,0.00,
2008-12-24T00:00:00+00:00,894.47,952.13,-4.79,1,GOLD:long:0.3400@848.0000,57.66,-0.00,
2008-12-26T00:00:00+00:00,894.47,960.02,-4.00,1,GOLD:long:0.3400@848.0000,57.66,7.89,
2008-12-29T00:00:00+00:00,907.14,962.77,-3.72,1,GOLD:long:0.3178@875.3000,55.64,-0.00,
2008-12-30T00:00:00+00:00,960.94,960.94,-3.91,0,No positions,0.00,0.00,
2008-12-31T00:00:00+00:00,911.32,960.87,-3.91,1,GOLD:long:0.2802@884.3000,49.55,0.00,
2009-01-02T00:00:00+00:00,959.39,959.39,-4.06,0,No positions,0.00,0.00,
2009-01-05T00:00:00+00:00,913.37,959.32,-4.07,1,GOLD:long:0.2679@857.8000,45.96,-0.00,
2009-01-06T00:00:00+00:00,913.37,961.52,-3.85,1,GOLD:long:0.2679@857.8000,45.96,2.20,
2009-01-07T00:00:00+00:00,954.89,954.89,-4.51,0,No positions,0.00,0.00,
2009-01-08T00:00:00+00:00,907.51,954.82,-4.52,1,GOLD:long:0.2768@854.5000,47.31,0.00,
2009-01-09T00:00:00+00:00,954.83,954.83,-4.52,0,No positions,0.00,0.00,
2009-01-12T00:00:00+00:00,904.18,954.76,-4.52,1,GOLD:long:0.3081@821.0000,50.58,0.00,
2009-01-13T00:00:00+00:00,954.53,954.53,-4.55,0,No positions,0.00,0.00,
2009-01-14T00:00:00+00:00,900.84,954.45,-4.55,1,GOLD:long:0.3314@808.8000,53.61,0.00,
2009-01-15T00:00:00+00:00,953.81,953.81,-4.62,0,No positions,0.00,0.00,
2009-01-16T00:00:00+00:00,793.34,953.59,-4.64,1,GOLD:long:0.9540@839.9000,160.25,0.00,
2009-01-19T00:00:00+00:00,943.61,943.61,-5.64,0,No positions,0.00,0.00,
2009-01-21T00:00:00+00:00,943.61,943.61,-5.64,0,No positions,0.00,0.00,
2009-01-22T00:00:00+00:00,943.61,943.61,-5.64,0,No positions,0.00,0.00,
2009-01-23T00:00:00+00:00,878.00,943.52,-5.65,1,GOLD:long:0.3657@895.8000,65.53,0.00,
2009-01-26T00:00:00+00:00,878.00,948.28,-5.17,1,GOLD:long:0.3657@895.8000,65.53,4.75,
2009-01-27T00:00:00+00:00,878.00,944.87,-5.51,1,GOLD:long:0.3657@895.8000,65.53,1.35,
2009-01-28T00:00:00+00:00,940.56,940.56,-5.94,0,No positions,0.00,0.00,
2009-01-29T00:00:00+00:00,893.78,940.50,-5.95,1,GOLD:long:0.2577@906.5000,46.72,-0.00,
2009-01-30T00:00:00+00:00,893.78,946.14,-5.39,1,GOLD:long:0.2577@906.5000,46.72,5.64,
2009-02-02T00:00:00+00:00,893.78,940.68,-5.93,1,GOLD:long:0.2577@906.5000,46.72,0.18,
2009-02-03T00:00:00+00:00,936.76,936.76,-6.32,0,No positions,0.00,0.00,
2009-02-04T00:00:00+00:00,884.18,936.69,-6.33,1,GOLD:long:0.2910@902.2000,52.51,0.00,
2009-02-05T00:00:00+00:00,884.18,940.18,-5.98,1,GOLD:long:0.2910@902.2000,52.51,3.49,
2009-02-06T00:00:00+00:00,884.18,940.21,-5.98,1,GOLD:long:0.2910@902.2000,52.51,3.52,
2009-02-09T00:00:00+00:00,933.81,933.81,-6.62,0,No positions,0.00,0.00,
2009-02-10T00:00:00+00:00,883.86,933.74,-6.63,1,GOLD:long:0.2728@914.2000,49.88,-0.00,
2009-02-11T00:00:00+00:00,883.86,942.01,-5.80,1,GOLD:long:0.2728@914.2000,49.88,8.27,
2009-02-12T00:00:00+00:00,943.37,943.37,-5.66,0,No positions,0.00,0.00,
2009-02-13T00:00:00+00:00,943.37,943.37,-5.66,0,No positions,0.00,0.00,
2009-02-16T00:00:00+00:00,943.37,943.37,-5.66,0,No positions,0.00,0.00,
2009-02-18T00:00:00+00:00,943.37,943.37,-5.66,0,No positions,0.00,0.00,
2009-02-19T00:00:00+00:00,943.37,943.37,-5.66,0,No positions,0.00,0.00,
2009-02-20T00:00:00+00:00,943.37,943.37,-5.66,0,No positions,0.00,0.00,
2009-02-23T00:00:00+00:00,943.37,943.37,-5.66,0,No positions,0.00,0.00,
2009-02-24T00:00:00+00:00,943.37,943.37,-5.66,0,No positions,0.00,0.00,
2009-02-25T00:00:00+00:00,943.37,943.37,-5.66,0,No positions,0.00,0.00,
2009-02-26T00:00:00+00:00,943.37,943.37,-5.66,0,No positions,0.00,0.00,
2009-02-27T00:00:00+00:00,943.37,943.37,-5.66,0,No positions,0.00,0.00,
2009-03-02T00:00:00+00:00,943.37,943.37,-5.66,0,No positions,0.00,0.00,
2009-03-03T00:00:00+00:00,943.37,943.37,-5.66,0,No positions,0.00,0.00,
2009-03-04T00:00:00+00:00,943.37,943.37,-5.66,0,No positions,0.00,0.00,
2009-03-05T00:00:00+00:00,943.37,943.37,-5.66,0,No positions,0.00,0.00,
2009-03-06T00:00:00+00:00,943.37,943.37,-5.66,0,No positions,0.00,0.00,
2009-03-09T00:00:00+00:00,943.37,943.37,-5.66,0,No positions,0.00,0.00,
2009-03-10T00:00:00+00:00,943.37,943.37,-5.66,0,No positions,0.00,0.00,
2009-03-11T00:00:00+00:00,943.37,943.37,-5.66,0,No positions,0.00,0.00,
2009-03-12T00:00:00+00:00,943.37,943.37,-5.66,0,No positions,0.00,0.00,
2009-03-13T00:00:00+00:00,943.37,943.37,-5.66,0,No positions,0.00,0.00,
2009-03-16T00:00:00+00:00,943.37,943.37,-5.66,0,No positions,0.00,0.00,
2009-03-17T00:00:00+00:00,943.37,943.37,-5.66,0,No positions,0.00,0.00,
2009-03-18T00:00:00+00:00,943.37,943.37,-5.66,0,No positions,0.00,0.00,
2009-03-19T00:00:00+00:00,943.37,943.37,-5.66,0,No positions,0.00,0.00,
2009-03-20T00:00:00+00:00,943.37,943.37,-5.66,0,No positions,0.00,0.00,
2009-03-23T00:00:00+00:00,943.37,943.37,-5.66,0,No positions,0.00,0.00,
2009-03-24T00:00:00+00:00,943.37,943.37,-5.66,0,No positions,0.00,0.00,
2009-03-25T00:00:00+00:00,943.37,943.37,-5.66,0,No positions,0.00,0.00,
2009-03-26T00:00:00+00:00,943.37,943.37,-5.66,0,No positions,0.00,0.00,
2009-03-27T00:00:00+00:00,943.37,943.37,-5.66,0,No positions,0.00,0.00,
2009-03-30T00:00:00+00:00,943.37,943.37,-5.66,0,No positions,0.00,0.00,
2009-03-31T00:00:00+00:00,943.37,943.37,-5.66,0,No positions,0.00,0.00,
2009-04-01T00:00:00+00:00,943.37,943.37,-5.66,0,No positions,0.00,0.00,
2009-04-02T00:00:00+00:00,943.37,943.37,-5.66,0,No positions,0.00,0.00,
2009-04-03T00:00:00+00:00,943.37,943.37,-5.66,0,No positions,0.00,0.00,
2009-04-06T00:00:00+00:00,943.37,943.37,-5.66,0,No positions,0.00,0.00,
2009-04-07T00:00:00+00:00,943.37,943.37,-5.66,0,No positions,0.00,0.00,
2009-04-08T00:00:00+00:00,943.37,943.37,-5.66,0,No positions,0.00,0.00,
2009-04-09T00:00:00+00:00,943.37,943.37,-5.66,0,No positions,0.00,0.00,
2009-04-13T00:00:00+00:00,943.37,943.37,-5.66,0,No positions,0.00,0.00,
2009-04-14T00:00:00+00:00,943.37,943.37,-5.66,0,No positions,0.00,0.00,
2009-04-15T00:00:00+00:00,943.37,943.37,-5.66,0,No positions,0.00,0.00,
2009-04-16T00:00:00+00:00,943.37,943.37,-5.66,0,No positions,0.00,0.00,
2009-04-17T00:00:00+00:00,943.37,943.37,-5.66,0,No positions,0.00,0.00,
2009-04-20T00:00:00+00:00,943.37,943.37,-5.66,0,No positions,0.00,0.00,
2009-04-21T00:00:00+00:00,943.37,943.37,-5.66,0,No positions,0.00,0.00,
2009-04-22T00:00:00+00:00,943.37,943.37,-5.66,0,No positions,0.00,0.00,
2009-04-23T00:00:00+00:00,943.37,943.37,-5.66,0,No positions,0.00,0.00,
2009-04-24T00:00:00+00:00,943.37,943.37,-5.66,0,No positions,0.00,0.00,
2009-04-27T00:00:00+00:00,943.37,943.37,-5.66,0,No positions,0.00,0.00,
2009-04-28T00:00:00+00:00,943.37,943.37,-5.66,0,No positions,0.00,0.00,
2009-04-29T00:00:00+00:00,943.37,943.37,-5.66,0,No positions,0.00,0.00,
2009-04-30T00:00:00+00:00,943.37,943.37,-5.66,0,No positions,0.00,0.00,
2009-05-01T00:00:00+00:00,943.37,943.37,-5.66,0,No positions,0.00,0.00,
2009-05-04T00:00:00+00:00,943.37,943.37,-5.66,0,No positions,0.00,0.00,
2009-05-05T00:00:00+00:00,943.37,943.37,-5.66,0,No positions,0.00,0.00,
2009-05-06T00:00:00+00:00,943.37,943.37,-5.66,0,No positions,0.00,0.00,
2009-05-07T00:00:00+00:00,943.37,943.37,-5.66,0,No positions,0.00,0.00,
2009-05-08T00:00:00+00:00,943.37,943.37,-5.66,0,No positions,0.00,0.00,
2009-05-11T00:00:00+00:00,943.37,943.37,-5.66,0,No positions,0.00,0.00,
2009-05-12T00:00:00+00:00,943.37,943.37,-5.66,0,No positions,0.00,0.00,
2009-05-13T00:00:00+00:00,943.37,943.37,-5.66,0,No positions,0.00,0.00,
2009-05-14T00:00:00+00:00,943.37,943.37,-5.66,0,No positions,0.00,0.00,
2009-05-15T00:00:00+00:00,943.37,943.37,-5.66,0,No positions,0.00,0.00,
2009-05-18T00:00:00+00:00,863.15,943.26,-5.67,1,GOLD:long:0.4346@921.7000,80.11,0.00,
2009-05-19T00:00:00+00:00,863.15,945.43,-5.46,1,GOLD:long:0.4346@921.7000,80.11,2.17,
2009-05-20T00:00:00+00:00,863.15,950.08,-4.99,1,GOLD:long:0.4346@921.7000,80.11,6.82,
2009-05-21T00:00:00+00:00,869.52,955.22,-4.48,1,GOLD:long:0.4505@951.2000,85.70,0.00,
2009-05-22T00:00:00+00:00,869.52,958.69,-4.13,1,GOLD:long:0.4505@951.2000,85.70,3.47,
2009-05-25T00:00:00+00:00,869.52,956.16,-4.38,1,GOLD:long:0.4505@951.2000,85.70,0.95,
2009-05-27T00:00:00+00:00,869.52,956.16,-4.38,1,GOLD:long:0.4505@951.2000,85.70,0.95,
2009-05-28T00:00:00+00:00,869.52,960.62,-3.94,1,GOLD:long:0.4505@951.2000,85.70,5.41,
2009-05-29T00:00:00+00:00,901.05,963.36,-3.66,1,GOLD:long:0.3178@980.3000,62.31,0.00,
2009-06-01T00:00:00+00:00,963.09,963.09,-3.69,0,No positions,0.00,0.00,
2009-06-02T00:00:00+00:00,868.17,962.96,-3.70,1,GOLD:long:0.4815@984.4000,94.80,0.00,
2009-06-03T00:00:00+00:00,834.94,952.91,-4.71,1,GOLD:long:0.6109@965.6000,117.98,0.00,
2009-06-04T00:00:00+00:00,834.94,963.12,-3.69,1,GOLD:long:0.6109@965.6000,117.98,10.20,
2009-06-05T00:00:00+00:00,950.76,950.76,-4.92,0,No positions,0.00,0.00,
2009-06-08T00:00:00+00:00,950.76,950.76,-4.92,0,No positions,0.00,0.00,
2009-06-09T00:00:00+00:00,950.76,950.76,-4.92,0,No positions,0.00,0.00,
2009-06-10T00:00:00+00:00,950.76,950.76,-4.92,0,No positions,0.00,0.00,
2009-06-11T00:00:00+00:00,950.76,950.76,-4.92,0,No positions,0.00,0.00,
2009-06-12T00:00:00+00:00,864.20,950.64,-4.94,1,GOLD:long:0.4594@940.7000,86.44,-0.00,
2009-06-15T00:00:00+00:00,944.34,944.34,-5.57,0,No positions,0.00,0.00,
2009-06-16T00:00:00+00:00,944.34,944.34,-5.57,0,No positions,0.00,0.00,
2009-06-17T00:00:00+00:00,944.34,944.34,-5.57,0,No positions,0.00,0.00,
2009-06-18T00:00:00+00:00,944.34,944.34,-5.57,0,No positions,0.00,0.00,
2009-06-19T00:00:00+00:00,944.34,944.34,-5.57,0,No positions,0.00,0.00,
2009-06-22T00:00:00+00:00,944.34,944.34,-5.57,0,No positions,0.00,0.00,
2009-06-23T00:00:00+00:00,944.34,944.34,-5.57,0,No positions,0.00,0.00,
2009-06-24T00:00:00+00:00,944.34,944.34,-5.57,0,No positions,0.00,0.00,
2009-06-25T00:00:00+00:00,944.34,944.34,-5.57,0,No positions,0.00,0.00,
2009-06-26T00:00:00+00:00,944.34,944.34,-5.57,0,No positions,0.00,0.00,
2009-06-29T00:00:00+00:00,944.34,944.34,-5.57,0,No positions,0.00,0.00,
2009-06-30T00:00:00+00:00,944.34,944.34,-5.57,0,No positions,0.00,0.00,
2009-07-01T00:00:00+00:00,944.34,944.34,-5.57,0,No positions,0.00,0.00,
2009-07-02T00:00:00+00:00,944.34,944.34,-5.57,0,No positions,0.00,0.00,
2009-07-03T00:00:00+00:00,944.34,944.34,-5.57,0,No positions,0.00,0.00,
2009-07-07T00:00:00+00:00,944.34,944.34,-5.57,0,No positions,0.00,0.00,
2009-07-08T00:00:00+00:00,944.34,944.34,-5.57,0,No positions,0.00,0.00,
2009-07-09T00:00:00+00:00,944.34,944.34,-5.57,0,No positions,0.00,0.00,
2009-07-10T00:00:00+00:00,944.34,944.34,-5.57,0,No positions,0.00,0.00,
2009-07-13T00:00:00+00:00,944.34,944.34,-5.57,0,No positions,0.00,0.00,
2009-07-14T00:00:00+00:00,944.34,944.34,-5.57,0,No positions,0.00,0.00,
2009-07-15T00:00:00+00:00,852.79,944.21,-5.58,1,GOLD:long:0.4866@939.4000,91.42,-0.00,
2009-07-16T00:00:00+00:00,942.02,942.02,-5.80,0,No positions,0.00,0.00,
2009-07-17T00:00:00+00:00,942.02,942.02,-5.80,0,No positions,0.00,0.00,
2009-07-20T00:00:00+00:00,942.02,942.02,-5.80,0,No positions,0.00,0.00,
2009-07-21T00:00:00+00:00,942.02,942.02,-5.80,0,No positions,0.00,0.00,
2009-07-22T00:00:00+00:00,942.02,942.02,-5.80,0,No positions,0.00,0.00,
2009-07-23T00:00:00+00:00,942.02,942.02,-5.80,0,No positions,0.00,0.00,
2009-07-24T00:00:00+00:00,942.02,942.02,-5.80,0,No positions,0.00,0.00,
2009-07-27T00:00:00+00:00,942.02,942.02,-5.80,0,No positions,0.00,0.00,
2009-07-28T00:00:00+00:00,849.26,941.89,-5.81,1,GOLD:long:0.4932@939.1000,92.63,-0.00,
2009-07-29T00:00:00+00:00,935.77,935.77,-6.42,0,No positions,0.00,0.00,
2009-07-30T00:00:00+00:00,792.61,935.57,-6.44,1,GOLD:long:0.7626@937.3000,142.96,0.00,
2009-07-31T00:00:00+00:00,833.70,948.51,-5.15,1,GOLD:long:0.6006@955.8000,114.82,-0.00,
2009-08-03T00:00:00+00:00,833.70,950.31,-4.97,1,GOLD:long:0.6006@955.8000,114.82,1.80,
2009-08-04T00:00:00+00:00,862.38,956.59,-4.34,1,GOLD:long:0.4858@969.7000,94.21,0.00,
2009-08-05T00:00:00+00:00,954.68,954.68,-4.53,0,No positions,0.00,0.00,
2009-08-06T00:00:00+00:00,954.68,954.68,-4.53,0,No positions,0.00,0.00,
2009-08-07T00:00:00+00:00,954.68,954.68,-4.53,0,No positions,0.00,0.00,
2009-08-10T00:00:00+00:00,802.49,954.47,-4.55,1,GOLD:long:0.8025@946.9000,151.98,0.00,
2009-08-11T00:00:00+00:00,954.62,954.62,-4.54,0,No positions,0.00,0.00,
2009-08-12T00:00:00+00:00,954.62,954.62,-4.54,0,No positions,0.00,0.00,
2009-08-13T00:00:00+00:00,954.62,954.62,-4.54,0,No positions,0.00,0.00,
2009-08-14T00:00:00+00:00,954.62,954.62,-4.54,0,No positions,0.00,0.00,
2009-08-17T00:00:00+00:00,954.62,954.62,-4.54,0,No positions,0.00,0.00,
2009-08-18T00:00:00+00:00,954.62,954.62,-4.54,0,No positions,0.00,0.00,
2009-08-19T00:00:00+00:00,954.62,954.62,-4.54,0,No positions,0.00,0.00,
2009-08-20T00:00:00+00:00,954.62,954.62,-4.54,0,No positions,0.00,0.00,
2009-08-21T00:00:00+00:00,954.62,954.62,-4.54,0,No positions,0.00,0.00,
2009-08-24T00:00:00+00:00,954.62,954.62,-4.54,0,No positions,0.00,0.00,
2009-08-25T00:00:00+00:00,954.62,954.62,-4.54,0,No positions,0.00,0.00,
2009-08-26T00:00:00+00:00,954.62,954.62,-4.54,0,No positions,0.00,0.00,
2009-08-27T00:00:00+00:00,954.62,954.62,-4.54,0,No positions,0.00,0.00,
2009-08-28T00:00:00+00:00,907.37,954.55,-4.54,1,GOLD:long:0.2460@958.8000,47.18,0.00,
2009-08-31T00:00:00+00:00,953.12,953.12,-4.69,0,No positions,0.00,0.00,
2009-09-01T00:00:00+00:00,953.12,953.12,-4.69,0,No positions,0.00,0.00,
2009-09-02T00:00:00+00:00,814.78,952.93,-4.71,1,GOLD:long:0.7059@978.5000,138.15,0.00,
2009-09-03T00:00:00+00:00,814.78,966.48,-3.35,1,GOLD:long:0.7059@978.5000,138.15,13.55,
2009-09-04T00:00:00+00:00,814.78,965.78,-3.42,1,GOLD:long:0.7059@978.5000,138.15,12.85,
2009-09-07T00:00:00+00:00,814.78,967.97,-3.20,1,GOLD:long:0.7059@978.5000,138.15,15.04,
2009-09-09T00:00:00+00:00,814.78,966.06,-3.39,1,GOLD:long:0.7059@978.5000,138.15,13.13,
2009-09-10T00:00:00+00:00,814.78,965.85,-3.42,1,GOLD:long:0.7059@978.5000,138.15,12.92,
2009-09-11T00:00:00+00:00,900.34,974.68,-2.53,1,GOLD:long:0.3693@1006.4000,74.34,-0.00,
2009-09-14T00:00:00+00:00,972.52,972.52,-2.75,0,No positions,0.00,0.00,
2009-09-15T00:00:00+00:00,852.21,972.35,-2.76,1,GOLD:long:0.5969@1006.3000,120.14,-0.00,
2009-09-16T00:00:00+00:00,881.07,980.06,-1.99,1,GOLD:long:0.4851@1020.2000,98.99,-0.00,
2009-09-17T00:00:00+00:00,976.54,976.54,-2.35,0,No positions,0.00,0.00,
2009-09-18T00:00:00+00:00,879.20,976.41,-2.36,1,GOLD:long:0.4811@1010.3000,97.20,-0.00,
2009-09-21T00:00:00+00:00,973.54,973.54,-2.65,0,No positions,0.00,0.00,
2009-09-22T00:00:00+00:00,845.87,973.37,-2.66,1,GOLD:long:0.6277@1015.5000,127.49,-0.00,
2009-09-23T00:00:00+00:00,972.33,972.33,-2.77,0,No positions,0.00,0.00,
2009-09-24T00:00:00+00:00,869.44,972.18,-2.78,1,GOLD:long:0.5143@998.9000,102.74,0.00,
2009-09-25T00:00:00+00:00,968.15,968.15,-3.19,0,No positions,0.00,0.00,
2009-09-28T00:00:00+00:00,968.15,968.15,-3.19,0,No positions,0.00,0.00,
2009-09-29T00:00:00+00:00,968.15,968.15,-3.19,0,No positions,0.00,0.00,
2009-09-30T00:00:00+00:00,968.15,968.15,-3.19,0,No positions,0.00,0.00,
2009-10-01T00:00:00+00:00,968.15,968.15,-3.19,0,No positions,0.00,0.00,
2009-10-02T00:00:00+00:00,968.15,968.15,-3.19,0,No positions,0.00,0.00,
2009-10-05T00:00:00+00:00,968.15,968.15,-3.19,0,No positions,0.00,0.00,
2009-10-06T00:00:00+00:00,865.83,968.01,-3.20,1,GOLD:long:0.4914@1039.7000,102.18,0.00,
2009-10-07T00:00:00+00:00,865.83,970.32,-2.97,1,GOLD:long:0.4914@1039.7000,102.18,2.31,
2009-10-08T00:00:00+00:00,899.03,977.59,-2.24,1,GOLD:long:0.3719@1056.3000,78.56,0.00,
2009-10-09T00:00:00+00:00,974.51,974.51,-2.55,0,No positions,0.00,0.00,
2009-10-12T00:00:00+00:00,899.46,974.41,-2.56,1,GOLD:long:0.3544@1057.5000,74.95,0.00,
2009-10-13T00:00:00+00:00,899.46,977.07,-2.29,1,GOLD:long:0.3544@1057.5000,74.95,2.66,
2009-10-14T00:00:00+00:00,899.46,976.96,-2.30,1,GOLD:long:0.3544@1057.5000,74.95,2.55,
2009-10-15T00:00:00+00:00,971.76,971.76,-2.82,0,No positions,0.00,0.00,
2009-10-16T00:00:00+00:00,971.76,971.76,-2.82,0,No positions,0.00,0.00,
2009-10-19T00:00:00+00:00,814.52,971.54,-2.85,1,GOLD:long:0.7420@1058.1000,157.02,0.00,
2009-10-20T00:00:00+00:00,814.52,971.91,-2.81,1,GOLD:long:0.7420@1058.1000,157.02,0.37,
2009-10-21T00:00:00+00:00,814.52,976.29,-2.37,1,GOLD:long:0.7420@1058.1000,157.02,4.75,
2009-10-22T00:00:00+00:00,971.48,971.48,-2.85,0,No positions,0.00,0.00,
2009-10-23T00:00:00+00:00,971.48,971.48,-2.85,0,No positions,0.00,0.00,
2009-10-26T00:00:00+00:00,971.48,971.48,-2.85,0,No positions,0.00,0.00,
2009-10-27T00:00:00+00:00,971.48,971.48,-2.85,0,No positions,0.00,0.00,
2009-10-28T00:00:00+00:00,971.48,971.48,-2.85,0,No positions,0.00,0.00,
2009-10-29T00:00:00+00:00,971.48,971.48,-2.85,0,No positions,0.00,0.00,
2009-10-30T00:00:00+00:00,971.48,971.48,-2.85,0,No positions,0.00,0.00,
2009-11-02T00:00:00+00:00,971.48,971.48,-2.85,0,No positions,0.00,0.00,
2009-11-03T00:00:00+00:00,971.48,971.48,-2.85,0,No positions,0.00,0.00,
2009-11-04T00:00:00+00:00,894.03,971.38,-2.86,1,GOLD:long:0.3557@1087.3000,77.35,0.00,
2009-11-05T00:00:00+00:00,894.03,972.09,-2.79,1,GOLD:long:0.3557@1087.3000,77.35,0.71,
2009-11-06T00:00:00+00:00,894.03,974.36,-2.56,1,GOLD:long:0.3557@1087.3000,77.35,2.99,
2009-11-09T00:00:00+00:00,894.03,976.39,-2.36,1,GOLD:long:0.3557@1087.3000,77.35,5.02,
2009-11-10T00:00:00+00:00,894.03,976.78,-2.32,1,GOLD:long:0.3557@1087.3000,77.35,5.41,
2009-11-11T00:00:00+00:00,894.03,981.09,-1.89,1,GOLD:long:0.3557@1087.3000,77.35,9.71,
2009-11-12T00:00:00+00:00,851.55,982.61,-1.74,1,GOLD:long:0.5922@1106.6000,131.06,0.00,
2009-11-13T00:00:00+00:00,851.55,988.59,-1.14,1,GOLD:long:0.5922@1106.6000,131.06,5.98,
2009-11-16T00:00:00+00:00,877.27,995.94,-0.41,1,GOLD:long:0.5208@1139.2000,118.67,0.00,
2009-11-17T00:00:00+00:00,877.27,996.04,-0.40,1,GOLD:long:0.5208@1139.2000,118.67,0.10,
2009-11-18T00:00:00+00:00,877.27,996.98,-0.30,1,GOLD:long:0.5208@1139.2000,118.67,1.04,
2009-11-19T00:00:00+00:00,877.27,997.35,-0.27,1,GOLD:long:0.5208@1139.2000,118.67,1.41,
2009-11-20T00:00:00+00:00,877.27,999.90,-0.01,1,GOLD:long:0.5208@1139.2000,118.67,3.96,
2009-11-23T00:00:00+00:00,980.16,1006.37,0.64,1,GOLD:long:0.2251@1164.7000,26.21,-0.00,
2009-11-24T00:00:00+00:00,980.16,1006.62,0.66,1,GOLD:long:0.2251@1164.7000,26.21,0.25,
2009-11-25T00:00:00+00:00,980.16,1011.39,1.14,1,GOLD:long:0.2251@1164.7000,26.21,5.02,
2009-11-26T00:00:00+00:00,980.16,1008.80,0.88,1,GOLD:long:0.2251@1164.7000,26.21,2.43,
2009-11-30T00:00:00+00:00,980.16,1010.33,1.03,1,GOLD:long:0.2251@1164.7000,26.21,3.96,
2009-12-01T00:00:00+00:00,893.51,1014.00,1.40,1,GOLD:long:0.5020@1200.2000,120.50,-0.00,
2009-12-02T00:00:00+00:00,893.51,1020.43,2.04,1,GOLD:long:0.5020@1200.2000,120.50,6.43,
2009-12-03T00:00:00+00:00,958.37,1023.52,2.35,1,GOLD:long:0.2674@1218.3000,65.15,-0.00,
2009-12-04T00:00:00+00:00,932.67,1012.99,1.30,1,GOLD:long:0.3434@1169.5000,80.32,0.00,
2009-12-07T00:00:00+00:00,1002.64,1002.64,0.26,0,No positions,0.00,0.00,
2009-12-08T00:00:00+00:00,904.78,1002.51,0.25,1,GOLD:long:0.4274@1143.4000,97.73,0.00,
2009-12-09T00:00:00+00:00,992.24,992.24,-0.78,0,No positions,0.00,0.00,
2009-12-10T00:00:00+00:00,992.24,992.24,-0.78,0,No positions,0.00,0.00,
2009-12-11T00:00:00+00:00,992.24,992.24,-0.78,0,No positions,0.00,0.00,
2009-12-14T00:00:00+00:00,992.24,992.24,-0.78,0,No positions,0.00,0.00,
2009-12-15T00:00:00+00:00,992.24,992.24,-0.78,0,No positions,0.00,0.00,
2009-12-16T00:00:00+00:00,992.24,992.24,-0.78,0,No positions,0.00,0.00,
2009-12-17T00:00:00+00:00,865.80,992.07,-0.79,1,GOLD:long:0.5701@1107.4000,126.27,0.00,
2009-12-18T00:00:00+00:00,865.80,994.41,-0.56,1,GOLD:long:0.5701@1107.4000,126.27,2.34,
2009-12-21T00:00:00+00:00,985.23,985.23,-1.48,0,No positions,0.00,0.00,
2009-12-22T00:00:00+00:00,926.81,985.15,-1.49,1,GOLD:long:0.2684@1086.7000,58.33,0.00,
2009-12-23T00:00:00+00:00,926.81,987.10,-1.29,1,GOLD:long:0.2684@1086.7000,58.33,1.96,
2009-12-24T00:00:00+00:00,926.81,990.00,-1.00,1,GOLD:long:0.2684@1086.7000,58.33,4.86,
2009-12-28T00:00:00+00:00,926.81,990.84,-0.92,1,GOLD:long:0.2684@1086.7000,58.33,5.69,
2009-12-29T00:00:00+00:00,926.81,988.21,-1.18,1,GOLD:long:0.2684@1086.7000,58.33,3.06,
2009-12-30T00:00:00+00:00,986.54,986.54,-1.35,0,No positions,0.00,0.00,
2009-12-31T00:00:00+00:00,852.85,986.36,-1.36,1,GOLD:long:0.6090@1096.2000,133.51,-0.00,
